"plot","340","345","350","355","360","365","370","375","380","385","390","395","400","405","410","415","420","425","430","435","440","445","450","455","460","465","470","475","480","485","490","495","500","505","510","515","520","525","530","535","540","545","550","555","560","565","570","575","580","585","590","595","600","605","610","615","620","625","630","635","640","645","650","655","660","665","670","675","680","685","690","695","700","705","710","715","720","725","730","735","740","745","750","755","760","765","770","775","780","785","790","795","800","805","810","815","820","825","830","835","840","845","850","855","860","865","870","875","880","885","890","895","900","905","910","915","920","925","930","935","940","945","950","955","960","965","970","975","980","985","990","995","1000","1005","1010","1015","1020","1025","1030","1035","1040","1045","1050","1055","1060","1065","1070","1075","1080","1085","1090","1095","1100","1105","1110","1115","1120","1125","1130","1135","1140","1145","1150","1155","1160","1165","1170","1175","1180","1185","1190","1195","1200","1205","1210","1215","1220","1225","1230","1235","1240","1245","1250","1255","1260","1265","1270","1275","1280","1285","1290","1295","1300","1305","1310","1315","1320","1325","1330","1335","1340","1345","1350","1355","1360","1365","1370","1375","1380","1385","1390","1395","1400","1405","1410","1415","1420","1425","1430","1435","1440","1445","1450","1455","1460","1465","1470","1475","1480","1485","1490","1495","1500","1505","1510","1515","1520","1525","1530","1535","1540","1545","1550","1555","1560","1565","1570","1575","1580","1585","1590","1595","1600","1605","1610","1615","1620","1625","1630","1635","1640","1645","1650","1655","1660","1665","1670","1675","1680","1685","1690","1695","1700","1705","1710","1715","1720","1725","1730","1735","1740","1745","1750","1755","1760","1765","1770","1775","1780","1785","1790","1795","1800","1805","1810","1815","1820","1825","1830","1835","1840","1845","1850","1855","1860","1865","1870","1875","1880","1885","1890","1895","1900","1905","1910","1915","1920","1925","1930","1935","1940","1945","1950","1955","1960","1965","1970","1975","1980","1985","1990","1995","2000","2005","2010","2015","2020","2025","2030","2035","2040","2045","2050","2055","2060","2065","2070","2075","2080","2085","2090","2095","2100","2105","2110","2115","2120","2125","2130","2135","2140","2145","2150","2155","2160","2165","2170","2175","2180","2185","2190","2195","2200","2205","2210","2215","2220","2225","2230","2235","2240","2245","2250","2255","2260","2265","2270","2275","2280","2285","2290","2295","2300","2305","2310","2315","2320","2325","2330","2335","2340","2345","2350","2355","2360","2365","2370","2375","2380","2385","2390","2395","2400","2405","2410","2415","2420","2425","2430","2435","2440","2445","2450","2455","2460","2465","2470","2475","2480","2485","2490","2495","2500","2505","2510","2515"
"m1",1.8,1.73,1.7175,1.70666666666667,1.72666666666667,1.70666666666667,1.7075,1.74,1.7725,1.80666666666667,1.80333333333333,1.825,1.80333333333333,1.825,1.85333333333333,1.89333333333333,1.945,2.02,2.095,2.17333333333333,2.26,2.35,2.445,2.54,2.6225,2.69,2.7525,2.81,2.865,2.93666666666667,3.0225,3.12333333333333,3.26,3.4625,3.70333333333333,4.015,4.41666666666667,4.84,5.23333333333333,5.45,5.8275,6.02333333333333,6.285,6.37,6.33,6.255,6.12333333333333,5.95,5.79333333333333,5.675,5.57,5.52666666666667,5.51,5.47,5.385,5.2575,5.17,5.1125,5.09,5.08,5.0225,4.88,4.75333333333333,4.655,4.525,4.35,4.1725,4.12,4.205,4.49666666666667,5.0025,5.995,7.2,8.5925,10.185,11.675,13.0633333333333,14.485,15.93,17.17,18.05,18.63,19.03,19.35,19.53,19.635,19.8225,19.89,19.9675,20.035,20.1,20.16,20.2325,20.3,20.375,20.385,20.425,20.5275,20.5875,20.6625,20.75,20.8325,20.9125,20.9675,21.0475,21.1125,21.145,21.2075,21.24,21.29,21.3125,21.2725,21.2275,21.28,21.2625,21.2925,21.325,21.322,21.0825,20.805,20.602,20.4825,20.5475,20.115,20.174,20.1375,20.1925,20.1975,20.158,20.135,20.355,20.48,20.65,20.76,20.915,21.1,21.22,21.39,21.56,21.66,21.72,21.835,21.96,22.03,22.105,22.15,22.18,22.215,22.23,22.22,22.245,22.25,22.22,22.17,22.24,22.21,21.69,20.79,20.29,20.42,20.18,19.55,18.86,18.52,18.47,18.49,18.51,18.57,18.59,18.495,18.48,18.52,18.565,18.65,18.74,18.895,19.07,19.2,19.355,19.54,19.66,19.75,19.855,19.99,20.085,20.11,20.1,20.11,20.11,20.08,20.01,19.88,19.76,19.53,19.18,18.9,18.495,18.09,17.67,17.04,16.79,16.86,16.59,16.45,15.77,15.365,15.65,14.84,15.525,15.06,15.02,14.635,14.48,14.645,14.61,13.57,12.42,11.67,10.73,10.725,9.45,8.3,6.79,5.99,6.02,6.355,6.56,6.495,6.19,6.05,5.965,6.03,6.15,6.33,6.55,6.71,6.93,7.17,7.43,7.66,7.82,8.065,8.3,8.46,8.69,8.92,9.125,9.32,9.46,9.655,9.85,10,10.215,10.4,10.58,10.77,10.87,11.04,11.2,11.32,11.475,11.62,11.725,11.81,11.84,11.79,11.76,11.71,11.63,11.56,11.43,11.31,11.24,11.095,10.92,10.795,10.66,10.58,10.49,10.39,10.26,10.09,9.98,9.83,9.68,9.59,9.515,9.45,9.385,9.46,9.55,9.855,10.26,11.15,12.04,12.55,13.28,13.61,13.82,14.12,13.95,14.805,14.38,13.88,14.29,14,14.58,14.69,14.53,14.69,14.08,15.24,13.385,5.955,11.9,6.905,7.115,14.155,12.35,12.635,8,6.45,5.325,2.495,4.71,3.25,2.875,2.86,2.64,2.77,2.96,3.115,3.38,3.55,3.72,3.865,3.69,3.39,3.265,3.435,3.495,3.615,3.51,3.69,3.8,3.75,3.7,3.645,3.78,3.86,3.75,3.97,3.985,4.13,4.265,4.355,4.52,4.56,4.555,4.645,4.66,4.655,4.79,4.88,4.895,4.995,5.025,5.03,5.04,4.97,4.895,4.845,4.96,4.88,4.87,4.945,4.845,4.99,4.96,4.82,4.785,4.72,4.63,4.565,4.495,4.405,4.12333333333333,4.125,4.22,4.02,3.945,3.885,3.96,3.815,3.84,3.73,3.955,3.62,3.6,3.73,3.69,3.28,3.535,3.695,3.49,3.81,4.05333333333333,4.13,4.23,4.025,3.735,3.42666666666667,3.215,3.085,3.35,2.86666666666667,3.435,3.995,3.485,3.66,3.53,4.495,5.225,3.51666666666667,2.835,4.475,3.53,3.82,8.935,4.17,7.225,11.92,4.42666666666667,9.81,6.04,7.14333333333333
"m2",1.58666666666667,1.57666666666667,1.5025,1.47666666666667,1.48333333333333,1.48,1.4775,1.50333333333333,1.5125,1.54,1.53333333333333,1.55,1.53,1.5425,1.56333333333333,1.59,1.6325,1.68333333333333,1.75,1.81,1.875,1.95,2.025,2.1,2.1725,2.22666666666667,2.275,2.32,2.365,2.43,2.495,2.58,2.675,2.83,3.03,3.2925,3.62,3.98,4.3,4.53,4.865,5.04666666666667,5.0025,5.05,5.14,5.1,4.98,4.815,4.68,4.575,4.4825,4.43,4.4075,4.38,4.3175,4.2125,4.13,4.09,4.08,4.07,4.0125,3.8875,3.78,3.7125,3.6025,3.47666666666667,3.3875,3.36,3.395,3.54,4,4.84,5.84666666666667,6.995,8.3225,9.5775,10.72,11.8775,13.085,14.1275,14.895,15.3966666666667,15.745,16.0125,16.19,16.29,16.4,16.4866666666667,16.5575,16.62,16.6625,16.7225,16.78,16.85,16.92,16.95,16.9875,17.06,17.1325,17.205,17.29,17.37,17.45,17.505,17.5775,17.635,17.685,17.73,17.778,17.8325,17.865,17.85,17.8175,17.876,17.855,17.9,17.9575,17.954,17.865,17.57,17.488,17.3375,17.52,17.2625,17.246,17.28,17.315,17.465,17.322,17.4175,17.49,17.605,17.74,17.82,17.945,18.09,18.21,18.355,18.48,18.54,18.62,18.71,18.81,18.87,18.92,18.97,18.99,19.045,19.06,19.06,19.095,19.08,19.04,19.03,19.07,18.89,18.57,18,17.61,17.77,17.705,17.13,16.71,16.52,16.54,16.6,16.645,16.69,16.68,16.645,16.65,16.7,16.725,16.79,16.84,16.995,17.15,17.26,17.4,17.56,17.65,17.71,17.825,17.92,18.02,18.04,18.04,18.075,18.07,18.07,18.015,17.94,17.85,17.67,17.41,17.2,16.895,16.56,16.2,15.79,15.6,15.47,15.225,14.91,14.83,13.78,13.74,13.67,14.115,13.81,13.73,13.97,13.12,13.27,13.24,12.67,11.475,10.33,10.09,9.935,8.46,7.92,6.505,5.75,5.95,6.27,6.3,6.215,6.13,5.98,5.89,6.04,6.11,6.32,6.53,6.69,6.93,7.17,7.405,7.64,7.8,8.045,8.26,8.4,8.62,8.84,9.015,9.2,9.34,9.52,9.71,9.84,10.035,10.22,10.4,10.56,10.67,10.825,10.98,11.08,11.225,11.35,11.455,11.5,11.53,11.505,11.45,11.42,11.34,11.28,11.17,11.03,10.99,10.875,10.7,10.575,10.46,10.38,10.3,10.22,10.1,9.96,9.85,9.7,9.58,9.48,9.42,9.37,9.29,9.34,9.45,9.775,10.14,10.85,11.42,11.79,12.57,13.09,13.255,12.35,12.79,13.29,13.13,13.225,13.64,13.33,13.225,13.99,14.185,12.59,13.38,14.495,9.355,6.25,9.52,8.22,11.285,10.005,4.94,3.46,7.825,6.45,5.825,5.095,3.15,4.335,2.58,2.37,2.525,2.615,2.68,2.765,3.185,3.35,3.325,3.525,3.2,3.155,3.42,3.425,3.48,3.54,3.595,3.69,3.69,3.695,3.645,3.61,3.725,3.865,3.9,3.905,4.025,4.105,4.15,4.37,4.43,4.55,4.64,4.685,4.745,4.815,4.835,4.92,5.035,5,5.085,5.095,5.23,5.16,5.15,5.145,5.15,5.14,5.06,5.13,5.08,5.125,5.11,4.925,4.92,4.83,4.76,4.605,4.535,4.425,4.23333333333333,4.105,4.09,3.93,4.04,3.81,3.84,3.715,3.87333333333333,3.73,3.685,3.645,3.545,4.025,3.37333333333333,3.665,3.625,3.22,3.535,4.04,3.91,4.25,4.29,3.885,3.94,3.51666666666667,3.15,3.715,3.68,4.07333333333333,2.86,2.05,2.64,3.57666666666667,4.145,4.325,3.48,2.90666666666667,2.85,3.26,4.26333333333333,3.82,5.37,3.77,6.285,6.465,8.88,3.885,9.1,10.4133333333333
"m3",3.7,3.64666666666667,3.57,3.58333333333333,3.62,3.6,3.63,3.69333333333333,3.6975,3.74333333333333,3.74333333333333,3.7675,3.73,3.7575,3.81,3.87666666666667,4.01,4.16,4.36,4.56666666666667,4.785,5.01,5.2475,5.45666666666667,5.62,5.75666666666667,5.865,5.96333333333333,6.06,6.16333333333333,6.29,6.45333333333333,6.6875,7.0125,7.40333333333333,7.9275,8.6,9.2925,9.91,10.3525,10.59,10.7566666666667,11.415,11.6966666666667,11.4575,11.1925,10.9,10.57,10.2733333333333,10.0375,9.785,9.68,9.61,9.51666666666667,9.345,9.105,8.93,8.81,8.745,8.7,8.5725,8.3025,8.07,7.9125,7.6775,7.39,7.135,7.0175,7.07,7.49,8.2875,9.7125,11.35,13.12,15.0275,16.67,18.1533333333333,19.72,21.2375,22.5875,23.4175,23.9766666666667,24.2975,24.56,24.1725,24.64,24.8775,24.7366666666667,24.7175,24.685,24.5975,24.635,24.6225,24.6625,24.645,24.405,24.6225,24.7175,24.7075,24.8075,24.8825,24.9325,24.9525,24.945,25.0725,25.045,25.105,25.135,25.12,25.1275,25.1375,24.8925,24.7325,25.09,24.805,24.87,25.1375,24.948,24.1825,23.8575,24.588,24.0575,24.3675,23.925,24.164,24.1,24.2175,23.93,23.92,23.9725,24.18,24.175,24.27,24.31,24.47,24.64,24.75,24.855,24.94,24.98,25.03,25.11,25.17,25.21,25.235,25.24,25.25,25.235,25.21,25.18,25.1,25.01,24.91,24.82,24.56,23.97,23.35,23.29,23.73,23.84,23.545,22.91,22.65,22.64,22.53,22.45,22.385,22.34,22.28,22.26,22.27,22.27,22.28,22.33,22.4,22.51,22.62,22.71,22.875,22.98,23.06,23.11,23.17,23.21,23.25,23.32,23.37,23.4,23.38,23.33,23.22,23.07,22.94,22.705,22.4,22.22,21.78,21.33,20.97,20.52,20.19,19.71,18.875,17.99,17.98,17.67,17.94,17.97,17.335,17.57,17.17,17.29,17.65,17.16,16.89,16.74,15.405,14,13.56,12.705,12.44,11.39,9.525,8.86,8.84,9.145,9.49,9.375,9.33,9.21,9.16,9.25,9.4,9.66,9.94,10.14,10.44,10.75,11.055,11.33,11.54,11.85,12.1,12.27,12.52,12.77,13.01,13.23,13.4,13.62,13.83,13.97,14.195,14.41,14.615,14.81,14.92,15.1,15.27,15.37,15.55,15.72,15.865,15.95,15.98,15.94,15.9,15.845,15.76,15.69,15.585,15.46,15.4,15.255,15.09,14.945,14.79,14.67,14.565,14.46,14.28,14.12,13.98,13.78,13.6,13.46,13.32,13.23,13.095,13.16,13.2,13.25,13.52,14.51,14.81,15.59,16.3,16.75,17.185,17.06,18.02,16.915,17.5,17.415,16.88,16.67,17.29,17.48,16.955,16.78,16.9,18.85,16.02,9.925,9.52,9.535,14.11,10.005,9.85,8.035,8.89,6.45,4.42,6.525,5.76,5.05,4.265,4.05,4.2,4.13,4.21,4.475,4.705,4.85,5.53,5.63,5.465,5.145,5.275,5.385,5.42,5.62,5.78,5.755,5.84,5.855,5.965,5.935,5.945,6.1,6.125,6.295,6.345,6.52,6.695,6.87,7.075,7.18,7.235,7.28,7.41,7.395,7.39,7.57,7.685,7.85,7.77,7.695,7.77,7.76,7.735,7.715,7.675,7.72,7.56666666666667,7.755,7.75,7.825,7.635,7.555,7.465,7.39,7.445,7.28,7.14,7,6.77333333333333,6.675,6.535,6.56,6.485,6.415,6.24,6.16,6.14666666666667,6.245,6.265,6,5.96,6.13,5.73,5.765,5.665,5.605,5.745,6.085,6.35,6.365,6.04,6.035,5.47,5.29333333333333,5.34,5.245,5.37,5.82,4.555,4.5,5.565,6.01666666666667,5.085,4.495,5.97,5.81333333333333,4.865,5.5,4.69666666666667,6.13,3.625,4.25333333333333,8.1,4.575,6.92666666666667,4.96,11.1,6.31666666666667
"m4",2.60666666666667,2.58,2.5075,2.51,2.55,2.52666666666667,2.5525,2.60666666666667,2.6225,2.66333333333333,2.67,2.7025,2.68666666666667,2.71,2.74,2.78333333333333,2.85,2.93,3.0275,3.13,3.2425,3.37,3.51,3.64666666666667,3.7625,3.85666666666667,3.94,4.02,4.1,4.18,4.2875,4.41333333333333,4.605,4.87,5.16333333333333,5.56,6.06666666666667,6.5825,7.05666666666667,7.395,7.5175,7.73666666666667,8.3875,8.52,8.3175,8.17,7.99,7.7675,7.55666666666667,7.3975,7.2475,7.18333333333333,7.1425,7.08,6.96,6.7875,6.66,6.5875,6.57,6.54666666666667,6.45,6.2575,6.08666666666667,5.975,5.785,5.54333333333333,5.375,5.325,5.3775,5.66,6.36,7.595,8.98666666666667,10.5175,12.1775,13.6725,15.0966666666667,16.5425,17.985,19.2025,19.975,20.5133333333333,20.8525,21.18,20.8675,21.545,21.73,21.6133333333333,21.6375,21.6825,21.6875,21.7875,21.8475,21.945,21.9975,21.865,22.185,22.305,22.31,22.43,22.49,22.535,22.5675,22.6075,22.76,22.7525,22.88,22.9225,22.99,23.055,23.1225,22.945,22.915,23.344,23.135,23.2675,23.5925,23.44,22.6025,22.2375,23.184,22.7325,22.97,22.7675,22.77,22.7875,22.84,22.53,22.484,22.58,22.725,22.795,22.95,23.02,23.185,23.38,23.52,23.67,23.81,23.87,23.94,24.065,24.17,24.22,24.285,24.32,24.35,24.37,24.39,24.36,24.325,24.29,24.25,24.18,24.015,23.48,22.79,22.67,22.9,23.01,22.65,21.97,21.62,21.37,21.21,21.1,21.03,20.98,20.94,20.895,20.88,20.88,20.92,21.01,21.1,21.25,21.38,21.51,21.685,21.82,21.92,21.99,22.095,22.18,22.27,22.34,22.38,22.4,22.39,22.34,22.24,22.1,21.96,21.735,21.39,21.16,20.705,20.27,19.87,19.285,19.03,18.6,17.725,16.45,16.09,16.255,15.65,15.63,15.12,15.48,15.88,15.745,14.93,14.875,15.07,14.93,13.425,12,11.36,10.985,10.2,9.27,8.02,7.47,7.39,7.65,7.94,7.81,7.73,7.55,7.46,7.55,7.62,7.845,8.08,8.25,8.51,8.76,9.025,9.3,9.47,9.715,9.97,10.12,10.37,10.6,10.835,11.04,11.19,11.405,11.61,11.74,11.96,12.17,12.355,12.54,12.67,12.83,12.98,13.08,13.24,13.41,13.53,13.59,13.63,13.6,13.54,13.46,13.34,13.27,13.15,13.01,12.95,12.82,12.66,12.5,12.39,12.31,12.205,12.11,11.95,11.79,11.66,11.51,11.34,11.26,11.155,11.09,10.985,11.01,11.15,11.255,11.39,12.065,12.96,13.31,14.19,14.66,14.915,15.29,13.95,14.805,15,14.525,14.29,15.33,16.275,16.78,14.875,14.69,15.49,15.545,8.47,4.815,2.38,5.56,4.29,12.84,2.5,10.385,8.72,3.23,5.825,2.545,2.1,3.845,3.91,3.675,3.73,3.875,4.16,3.965,4.295,4.605,4.595,4.895,4.76,4.66,4.55,4.62,4.74,4.9,4.88,4.92,5,4.895,5.19,5.065,5.065,5.14,5.265,5.29,5.41,5.5,5.54,5.7,5.945,6.02,6.075,6.055,6.085,6.205,6.43,6.435,6.31,6.555,6.54,6.51,6.535,6.485,6.4,6.395,6.325,6.315,6.31,6.375,6.43,6.385,6.37,6.235,6.245,6.23,6.05,5.855,5.885,5.71,5.60666666666667,5.4,5.45,5.325,5.18,5.28,5.25,5.055,5.10333333333333,4.89,5.09,4.94,5.02,4.735,4.95333333333333,4.71,4.77,4.89,4.885,4.875,5.23666666666667,5.715,5.77,5.485,4.535,4.89666666666667,4.265,3.975,4.26,5.82666666666667,5.015,4.305,3.165,4.8,3.775,4.285,3.73,4.58,5.455,4.735,3.46333333333333,5.28,5.87,3.31666666666667,4.51,NA,9.47,3.885,2.02,5.585
"m5",3.19333333333333,3.13,3.095,3.08666666666667,3.11333333333333,3.12,3.1325,3.18666666666667,3.1925,3.24666666666667,3.22333333333333,3.2425,3.22333333333333,3.245,3.28333333333333,3.34666666666667,3.4475,3.58333333333333,3.7425,3.90666666666667,4.0825,4.26666666666667,4.455,4.62666666666667,4.7525,4.86,4.9425,5.02,5.09,5.16333333333333,5.27,5.39333333333333,5.6,5.8725,6.19333333333333,6.615,7.18333333333333,7.75,8.26666666666667,8.5675,8.73,8.80333333333333,9.6425,9.85666666666667,9.5225,9.28,9.03333333333333,8.7575,8.5,8.295,8.0975,8.01666666666667,7.9575,7.86666666666667,7.7125,7.505,7.35666666666667,7.25,7.2025,7.16,7.0725,6.8775,6.68333333333333,6.5325,6.3375,6.08,5.8625,5.6775,5.7975,6.24333333333333,6.8425,8.01,9.39666666666667,10.9775,12.74,14.2875,15.97,17.5575,19.2875,20.7,21.6025,22.2166666666667,22.5975,22.9325,22.4525,23.395,23.43,23.2766666666667,23.28,23.2675,23.2225,23.3,23.3025,23.3625,23.3175,23.1225,23.4725,23.55,23.5125,23.6425,23.6925,23.725,23.72,23.7675,23.885,23.8475,23.94,23.9425,23.962,23.975,23.9925,23.705,23.7175,24.054,23.8225,23.875,24.2325,23.916,22.88,22.95,23.706,23.075,23.4525,23.08,23.276,23.1575,23.2475,22.805,22.882,22.9425,23.04,23.08,23.15,23.29,23.52,23.68,23.8,23.91,24.02,24.09,24.16,24.265,24.33,24.37,24.42,24.44,24.43,24.45,24.42,24.39,24.3,24.23,24.15,24.07,23.725,23.13,22.79,22.92,23.38,23.23,22.775,22.18,22.14,21.96,21.66,21.46,21.33,21.24,21.16,21.22,21.2,21.15,21.195,21.26,21.32,21.43,21.54,21.65,21.82,21.93,21.99,22.05,22.11,22.16,22.205,22.34,22.41,22.39,22.33,22.29,22.135,21.96,21.83,21.59,21.28,21.06,20.57,20.08,19.74,19.3,18.72,18.2,17.565,17.22,16.72,16.785,16.41,16.8,15.925,16.32,15.88,16.19,16.29,16.02,15.53,15.38,14.215,13,11.99,11.795,10.7,9.27,8.395,7.62,7.47,7.82,8.11,8.125,8.14,7.93,7.915,7.85,7.99,8.2,8.43,8.62,8.905,9.18,9.465,9.72,9.93,10.225,10.46,10.63,10.87,11.1,11.35,11.61,11.76,11.975,12.18,12.31,12.525,12.76,12.98,13.16,13.28,13.435,13.58,13.71,13.885,14.06,14.175,14.25,14.27,14.235,14.2,14.13,14.03,13.97,13.845,13.74,13.64,13.515,13.35,13.185,13.05,12.96,12.84,12.74,12.625,12.41,12.3,12.11,11.88,11.79,11.64,11.56,11.525,11.45,11.45,11.62,11.89,12.565,13.27,13.69,14.165,15.18,15.225,14.71,15.7,15.105,15.63,15.16,14.94,15.33,15.595,14.69,15.57,15.38,14.79,14.835,10.085,5.955,11.9,5.485,4.29,3.03,NA,3.46,1.79,1.61,3.215,1.06,2.005,3,3.305,3.07,3.02,3.145,3.1,3.255,3.57,3.76,3.77,4.21,4.265,4.115,4.295,4.275,4.26,4.29,4.375,4.395,4.49,4.51,4.545,4.63,4.705,4.73,4.795,5.01,4.965,5.17,5.265,5.535,5.63,5.7,5.795,5.765,5.87,5.955,6.05,6.1,6.155,6.265,6.43,6.345,6.24,6.23,6.16,6.145,6.15,6.385,6.23,6.31,6.25,6.32,6.275,6.22,6.05,5.995,5.84,5.695,5.53,5.45,5.36,5.225,5.17,5.075,5.01,5.035,4.785,4.745,4.91666666666667,4.715,4.685,4.565,4.485,4.35,4.54333333333333,4.54,4.305,4.29,4.47,4.64,4.71666666666667,4.83,5.035,4.72,5.205,3.78,3.3,3.615,3.395,5.82666666666667,3.46,2.77,3.4,3.17,4.7,3.455,3.485,3.76,3.195,2.38,3.36666666666667,3.715,4.12,1.74,1.805,7.34,3.18333333333333,3.885,NA,7.24333333333333
"m6",2.42333333333333,2.39666666666667,2.3525,2.36333333333333,2.38333333333333,2.37,2.3925,2.42666666666667,2.45,2.49333333333333,2.48333333333333,2.5125,2.50333333333333,2.5325,2.56,2.59,2.6425,2.7,2.7675,2.84,2.9175,3.00333333333333,3.0875,3.17666666666667,3.2575,3.33,3.3875,3.45,3.51,3.57333333333333,3.65,3.74,3.86,4.02,4.19,4.415,4.70333333333333,5,5.27,5.475,5.535,5.7,6.1025,6.20333333333333,6.0875,6.0375,5.96,5.865,5.77,5.7,5.635,5.62,5.6175,5.6,5.5525,5.48,5.43666666666667,5.415,5.425,5.44,5.42,5.3525,5.27666666666667,5.23,5.1575,5.05666666666667,4.9875,4.9325,5.035,5.25333333333333,5.5975,6.25,7.00333333333333,7.8575,8.8075,9.69,10.5233333333333,11.4075,12.2825,13.05,13.5375,13.8933333333333,14.1225,14.3275,14.195,14.55,14.695,14.6466666666667,14.6825,14.7325,14.745,14.83,14.88,14.9475,15.0125,14.9375,15.125,15.2025,15.2275,15.305,15.3675,15.415,15.46,15.48,15.5825,15.5925,15.66,15.69,15.732,15.77,15.8075,15.73,15.69,15.932,15.82,15.8775,16.05,15.984,15.5,15.3625,15.648,15.55,15.67,15.53,15.562,15.5675,15.545,15.4425,15.43,15.47,15.595,15.605,15.69,15.78,15.94,16.08,16.19,16.325,16.42,16.46,16.49,16.605,16.68,16.72,16.78,16.81,16.84,16.87,16.87,16.88,16.865,16.82,16.8,16.8,16.66,16.19,15.81,15.795,16.09,16.17,16.02,15.55,15.5,15.395,15.32,15.26,15.245,15.24,15.21,15.195,15.22,15.22,15.25,15.31,15.37,15.465,15.54,15.62,15.73,15.83,15.9,15.93,16.01,16.1,16.155,16.2,16.24,16.28,16.27,16.25,16.205,16.14,16.07,15.955,15.78,15.65,15.4,15.14,14.9,14.565,14.44,14.19,13.395,12.6,12.62,12.375,11.45,11.72,12.095,11.3,11.59,11.75,12.22,11.44,10.96,10.41,11.26,9.67,9.78,9.925,8.71,8.69,7.505,7.08,7.16,7.3,7.42,7.535,7.47,7.25,7.245,7.36,7.36,7.49,7.66,7.76,7.93,8.11,8.265,8.42,8.54,8.72,8.86,8.97,9.115,9.28,9.425,9.57,9.65,9.8,9.94,10.02,10.17,10.3,10.45,10.58,10.65,10.745,10.87,10.95,11.065,11.19,11.285,11.35,11.36,11.34,11.29,11.24,11.17,11.14,11.07,10.99,10.94,10.855,10.75,10.67,10.57,10.52,10.455,10.39,10.305,10.19,10.12,10.01,9.91,9.83,9.76,9.71,9.67,9.67,9.7,9.81,9.89,10.235,10.8,10.65,11.63,11.52,10.695,11.76,12.21,12.085,11.25,9.97,11.69,10.67,11.185,12.59,12.11,11.19,10.56,11.97,7.01,3.77,2.38,2.78,4.175,NA,4.94,5.765,2.13,6.45,5.93,1.54,4.295,3.525,3.97,3.85,4.005,4.205,4.44,4.475,4.42,4.615,4.845,4.94,5.305,4.93,5.055,4.95,5.04,5.075,5.05,5.17,5.18,4.97,4.865,5.16,5.165,5.165,5.255,5.305,5.265,5.43,5.395,5.575,5.67,5.645,5.745,5.825,5.83,5.85,6.005,6.06,6.05,6.015,6.025,5.955,6.11,6.165,6.16,5.87,5.93,6.02,6.10666666666667,5.925,5.915,5.93,5.92,5.855,5.925,5.92,5.69,5.505,5.53,5.325,5.39,5.355,5.255,5.26,5.35,5.21,5.075,4.79,4.91666666666667,5.005,5.005,4.595,4.81,4.9,4.73,4.63,4.555,4.53,4.64,4.69,5.02333333333333,5.25,5.17,5,5.07,4.44666666666667,3.97,4.73,4.235,3.32,4.385,4.51,4.7,4.63333333333333,4.96,3.825,4.48,2.77333333333333,3.57,2.785,3.86666666666667,6.635,3.56,3.87,3.64,5.505,1.89,5.925,8.08,8.33333333333333
"s1",2.28,2.27666666666667,2.275,2.30666666666667,2.32333333333333,2.35333333333333,2.38,2.42,2.47,2.50666666666667,2.53666666666667,2.58,2.59333333333333,2.625,2.66,2.69333333333333,2.7475,2.80333333333333,2.87,2.92666666666667,2.99,3.05,3.1125,3.17333333333333,3.2225,3.27,3.315,3.35333333333333,3.395,3.43666666666667,3.485,3.54,3.61,3.6875,3.76666666666667,3.8725,4.01,4.15,4.28333333333333,4.4125,4.375,4.35666666666667,4.71,4.84333333333333,4.75,4.71,4.67333333333333,4.635,4.6,4.565,4.5325,4.52,4.52,4.52,4.5,4.4725,4.45666666666667,4.45,4.4575,4.46666666666667,4.4725,4.4475,4.4,4.385,4.3625,4.32666666666667,4.3125,4.2475,4.3125,4.51333333333333,4.66,4.9675,5.34666666666667,5.7775,6.24,6.655,7.04333333333333,7.4525,7.8575,8.2125,8.455,8.63666666666667,8.765,8.9025,8.8275,9.045,9.18,9.19666666666667,9.2475,9.3025,9.3375,9.4125,9.465,9.5175,9.565,9.535,9.645,9.6975,9.7275,9.775,9.8325,9.8625,9.8875,9.91,9.965,9.98,10.0175,10.045,10.076,10.1,10.145,10.095,10.06,10.22,10.14,10.125,10.2975,10.26,9.925,9.6725,10.176,9.8525,10,9.8925,9.992,9.94,10.1425,10.05,10.062,10.08,10.075,10.145,10.22,10.25,10.315,10.4,10.46,10.515,10.56,10.59,10.61,10.66,10.7,10.72,10.76,10.78,10.79,10.805,10.81,10.81,10.81,10.8,10.79,10.77,10.715,10.59,10.38,10.165,10.34,10.39,10.335,10.13,10.06,10.02,10.02,9.98,9.99,10.01,10.01,10.02,10.01,10.02,10.03,10.07,10.12,10.155,10.19,10.24,10.32,10.37,10.41,10.44,10.475,10.51,10.55,10.56,10.56,10.595,10.61,10.6,10.59,10.56,10.54,10.475,10.38,10.32,10.165,10.06,9.96,9.77,9.63,9.68,9.185,8.33,8.48,8.37,7.76,7.67,8.25,7.56,8.07,7.955,7.84,7.98,7.78,7.61,6.975,6.46,6.55,6.655,6.24,5.64,5.295,5.12,5.16,5.305,5.4,5.34,5.27,5.28,5.355,5.37,5.39,5.505,5.62,5.69,5.8,5.91,6.02,6.12,6.19,6.3,6.4,6.47,6.555,6.64,6.725,6.82,6.86,6.95,7.03,7.09,7.155,7.24,7.335,7.41,7.45,7.52,7.58,7.61,7.675,7.72,7.765,7.77,7.79,7.755,7.73,7.71,7.68,7.65,7.61,7.56,7.51,7.475,7.42,7.355,7.29,7.26,7.235,7.19,7.15,7.12,7.05,6.97,6.93,6.89,6.855,6.84,6.765,6.82,6.78,6.845,6.84,7.14,7.56,7.25,7.3,7.66,7.54,7.66,7.18,7.675,7.61,7.61,6.95,8.2,7.735,6.9,7.385,8,8.09,7.27,7.96,8.295,12.28,10.58,6.925,4.55,6.175,8.845,7.01,4.82,5.18,3.705,4.17,4.01,3.195,3.045,3.17,3.265,3.14,3.265,3.615,3.74,3.88,3.725,3.75,3.7,3.675,3.675,3.72,3.8,3.74,3.77,3.75,3.795,3.805,3.755,3.79,3.795,3.825,3.83,3.905,3.935,3.935,3.99,4.09,4.145,4.15,4.11,4.155,4.255,4.295,4.24,4.315,4.365,4.345,4.48,4.4,4.375,4.345,4.27,4.22,4.43,4.41,4.37,4.46,4.29,4.23,4.195,4.115,4.13,3.955,4.03,3.97,3.9,3.75333333333333,3.825,3.78,3.645,3.63,3.665,3.58,3.475,3.59666666666667,3.44,3.34,3.505,3.39,3.575,3.51666666666667,3.245,3.435,3.65,3.455,3.575,3.47333333333333,3.535,3.66,4.045,3.46,3.27,3.195,3.005,2.85,3.57,3.13,2.67,2.945,3.81333333333333,2.99,3.385,3.665,2.52666666666667,2.725,2.905,4.07333333333333,5.9,7.29,6.00333333333333,5.795,5.585,9.33,7.685,4.225,7.02666666666667
"s2",2.47666666666667,2.45333333333333,2.4325,2.46,2.46666666666667,2.47,2.4925,2.52,2.555,2.58333333333333,2.6,2.62,2.63,2.6475,2.67666666666667,2.70333333333333,2.7525,2.81,2.87,2.93666666666667,3,3.07,3.1325,3.19666666666667,3.2425,3.28333333333333,3.3175,3.35,3.3825,3.41666666666667,3.4625,3.51,3.58,3.6675,3.78333333333333,3.93,4.12333333333333,4.3225,4.50333333333333,4.61,4.72,4.74666666666667,5.0425,5.12666666666667,5.0325,4.96,4.88333333333333,4.7875,4.7,4.6275,4.5475,4.51,4.49,4.46,4.4025,4.33,4.27333333333333,4.2275,4.2075,4.19,4.1525,4.065,3.99666666666667,3.935,3.8675,3.78,3.6775,3.6425,3.6775,3.83666666666667,4.0525,4.515,5.06333333333333,5.685,6.3725,6.97,7.59666666666667,8.1775,8.825,9.3725,9.7525,10.02,10.205,10.3775,10.265,10.6125,10.7075,10.71,10.76,10.8,10.825,10.895,10.9325,10.9925,11.0125,10.9625,11.1025,11.145,11.1625,11.23,11.2725,11.3075,11.3175,11.355,11.4,11.4025,11.45,11.46,11.488,11.5075,11.53,11.4375,11.43,11.568,11.4775,11.4775,11.6325,11.54,11.115,11.0125,11.324,11.08,11.115,11.1375,11.148,11.1125,11.27,11.0925,11.176,11.1875,11.185,11.295,11.36,11.41,11.505,11.59,11.66,11.72,11.78,11.83,11.85,11.915,11.96,11.98,12.01,12.03,12.04,12.045,12.03,12.02,11.995,11.95,11.92,11.88,11.72,11.47,11.27,11.18,11.31,11.26,11.135,10.91,10.87,10.75,10.65,10.62,10.6,10.58,10.56,10.59,10.58,10.58,10.615,10.64,10.67,10.735,10.8,10.85,10.935,10.99,11.02,11.07,11.105,11.12,11.15,11.21,11.24,11.235,11.21,11.19,11.13,11.05,10.99,10.88,10.73,10.62,10.39,10.15,10,9.765,9.49,9.31,9.245,9.17,8.74,8.215,9.01,8.63,8.585,8.59,8.77,8.135,8.21,8.535,8.15,7.61,7,6.46,6.55,5.8,5.48,5.06,4.64,4.3,4.23,4.32,4.48,4.515,4.51,4.43,4.395,4.4,4.46,4.58,4.71,4.79,4.91,5.05,5.17,5.31,5.39,5.505,5.64,5.71,5.815,5.93,6.025,6.14,6.21,6.3,6.39,6.46,6.565,6.67,6.765,6.85,6.89,6.98,7.04,7.08,7.155,7.21,7.24,7.27,7.27,7.24,7.23,7.205,7.17,7.14,7.085,7.02,6.99,6.945,6.87,6.78,6.72,6.69,6.645,6.59,6.52,6.46,6.41,6.3,6.21,6.17,6.115,6.11,6.085,6.05,6.03,6.12,6.25,6.675,7.32,7.55,7.655,7.66,7.785,8.61,8.13,7.92,7.61,8.135,8.02,8.74,8.01,8.62,7.67,8.57,8.67,7.56,6.345,7.435,8.77,4.075,6.87,5.68,6.085,13.145,5.735,2.41,4.23,4.015,4.06,1.925,2.055,2.42,2.275,2.165,2.34,2.375,2.545,2.52,2.545,2.695,2.6,2.565,2.615,2.71,2.715,2.84,2.98,2.885,2.69,2.845,2.83,2.83,2.89,2.96,2.935,3.025,3.06,3.16,3.16,3.215,3.285,3.275,3.29,3.355,3.375,3.42,3.53,3.515,3.575,3.6,3.585,3.635,3.605,3.57,3.485,3.48,3.455,3.435,3.48,3.63,3.535,3.51,3.495,3.405,3.43,3.39,3.255,3.23,3.22,3.145,3.02,2.925,3.03,2.98,2.935,2.925,2.825,2.905,2.72666666666667,2.775,2.9,2.735,2.715,2.825,2.83333333333333,2.915,2.86,2.825,2.65,2.81,2.93333333333333,3.27,3.19,3.185,2.27,2.46666666666667,2.73,2.585,2.84,2.73666666666667,2.55,2.83,2.19,2.87,2.4,3.97,3.285,1.80666666666667,2.45,3.295,3.72666666666667,4.855,5.285,6.09333333333333,14.975,7.205,5.71666666666667,4.265,11.87,8.25666666666667
"s3",2.01333333333333,1.98333333333333,1.95,1.93666666666667,1.94666666666667,1.95,1.9475,1.98,2.005,2.03333333333333,2.02,2.055,2.03333333333333,2.055,2.08,2.11,2.1575,2.22,2.2925,2.37333333333333,2.4575,2.54333333333333,2.6375,2.73,2.8,2.86666666666667,2.915,2.96333333333333,3.0125,3.07,3.14,3.22,3.3175,3.47,3.66333333333333,3.9225,4.23666666666667,4.565,4.85666666666667,5.045,5.315,5.44666666666667,5.5125,5.58666666666667,5.6125,5.5425,5.41666666666667,5.26,5.13333333333333,5.0375,4.9175,4.87333333333333,4.86,4.84,4.7775,4.675,4.6,4.555,4.5375,4.52333333333333,4.4725,4.355,4.24,4.1675,4.075,3.95666666666667,3.8575,3.8075,3.8525,4.02666666666667,4.41,5.145,6.01333333333333,6.98,8.0475,9.0025,9.79666666666667,10.6575,11.52,12.31,12.9025,13.32,13.6,13.835,13.9375,13.975,14.22,14.3233333333333,14.4175,14.4875,14.52,14.605,14.6625,14.7275,14.795,14.74,14.7825,14.86,14.9375,15.02,15.1425,15.2325,15.3025,15.35,15.41,15.47,15.51,15.5375,15.572,15.6,15.6325,15.5625,15.455,15.54,15.495,15.4575,15.56,15.552,15.315,15.0625,15.034,15.15,14.8975,14.8475,14.812,14.755,14.9575,14.985,14.99,15.12,15.14,15.285,15.45,15.52,15.65,15.81,15.93,16.06,16.17,16.22,16.29,16.365,16.44,16.48,16.545,16.57,16.58,16.605,16.61,16.6,16.585,16.53,16.47,16.41,16.37,16.17,15.85,15.475,15.46,15.5,15.36,14.91,14.65,14.51,14.49,14.5,14.51,14.55,14.56,14.545,14.55,14.57,14.615,14.68,14.74,14.845,14.97,15.06,15.185,15.31,15.38,15.45,15.515,15.59,15.645,15.68,15.7,15.735,15.75,15.73,15.66,15.56,15.47,15.32,15.11,14.93,14.645,14.34,14.08,13.705,13.54,13.41,12.98,12.29,12.34,11.975,12.11,11.82,11.88,11.68,11.58,11.755,11.57,11.315,11.11,11.23,10.09,9.56,8.74,8.545,7.75,7.08,6.21,5.77,5.74,5.925,5.99,6.06,5.98,5.89,5.82,5.84,5.94,6.13,6.29,6.41,6.59,6.8,6.975,7.16,7.28,7.455,7.62,7.73,7.895,8.05,8.21,8.35,8.45,8.585,8.73,8.83,8.99,9.13,9.275,9.43,9.5,9.625,9.73,9.81,9.89,9.98,10.045,10.07,10.07,10.05,10.01,9.975,9.92,9.88,9.8,9.74,9.68,9.585,9.48,9.38,9.28,9.21,9.17,9.1,8.995,8.89,8.84,8.7,8.6,8.53,8.445,8.42,8.35,8.39,8.44,8.56,8.89,9.45,9.76,9.97,10.85,11.06,11.225,11.48,11,12.13,11.68,11.285,11.76,10.93,11.875,12.07,11.93,11.43,11.56,11.92,8.12,6.655,8.77,8.31,12.635,5.68,3.085,3.45,5.54,3.61,2.78,4.49,4.98,3.25,3.255,2.86,2.93,2.965,3.03,3.155,3.44,3.535,3.575,3.69,3.775,3.625,3.605,3.605,3.65,3.725,3.79,3.755,3.78,3.75,3.775,3.78,3.73,3.815,3.855,3.97,3.96,3.95,4.05,4.095,4.205,4.325,4.405,4.375,4.48,4.445,4.595,4.665,4.675,4.74,4.71,4.705,4.82,4.69,4.635,4.615,4.73,4.68,4.62666666666667,4.68,4.66,4.675,4.58,4.525,4.575,4.36,4.285,4.165,4.05,4.06,4.00666666666667,4.115,3.915,3.785,3.69,3.625,3.66,3.42,3.59666666666667,3.62,3.715,3.53,3.39,3.415,3.37,3.27,3.435,3.335,3.555,3.54,3.88333333333333,4.045,3.975,3.51,3.305,3.3,2.965,3.375,3.76,2.94,2.755,2.51,3.11,2.93666666666667,2.94,3.99,3.08,2.90333333333333,2.565,2.365,3.96666666666667,3.72,3.35,6.36,5.08,6.4,5.18666666666667,4.265,2.56,5.125
"s4",3.28,3.25,3.1925,3.22333333333333,3.25666666666667,3.27,3.34,3.40333333333333,3.465,3.53666666666667,3.57666666666667,3.6425,3.68,3.74,3.82,3.89666666666667,4.0025,4.11666666666667,4.245,4.37,4.49,4.61333333333333,4.7275,4.84,4.9425,5.02666666666667,5.11,5.18333333333333,5.2625,5.34333333333333,5.4375,5.52333333333333,5.6275,5.7725,5.93,6.13,6.37,6.625,6.84666666666667,7.005,7.255,7.4,7.5025,7.58333333333333,7.6175,7.6175,7.57,7.5,7.43666666666667,7.385,7.3275,7.31333333333333,7.32,7.31666666666667,7.295,7.245,7.22,7.21,7.2275,7.24,7.23,7.17,7.11,7.0725,7.0275,6.94666666666667,6.885,6.85,6.9525,7.16333333333333,7.4625,8.01,8.62666666666667,9.2925,9.995,10.5975,11.1466666666667,11.6925,12.2575,12.74,13.0975,13.34,13.525,13.6725,13.76,13.94,13.985,14.04,14.11,14.17,14.2175,14.2875,14.3375,14.4,14.435,14.44,14.5075,14.5625,14.6125,14.6725,14.74,14.7875,14.8275,14.875,14.8975,14.9425,14.975,14.99,15.036,15.05,15.0825,15.025,15.025,15.08,15.0425,15.1,15.125,15.104,14.885,14.6975,14.856,14.7425,14.8575,14.7275,14.782,14.795,14.8475,14.9075,14.888,14.99,14.925,15.045,15.12,15.16,15.24,15.32,15.38,15.46,15.5,15.53,15.55,15.615,15.66,15.69,15.715,15.73,15.74,15.745,15.75,15.75,15.735,15.69,15.67,15.65,15.57,15.34,15.21,15.085,15.24,15.24,15.21,14.99,14.95,14.935,14.94,14.91,14.905,14.93,14.91,14.945,14.97,14.97,15.015,15.05,15.1,15.17,15.24,15.28,15.365,15.44,15.48,15.52,15.56,15.61,15.655,15.72,15.75,15.76,15.76,15.74,15.715,15.66,15.62,15.545,15.43,15.35,15.17,14.98,14.83,14.66,14.37,14.24,13.86,13.54,13.37,12.98,13.04,13.42,12.875,13.06,12.63,13.02,13.81,12.245,12.22,12.68,11.935,11.11,11.17,11.3,10.4,9.83,9.135,8.83,8.69,8.87,9.09,9.095,9.11,9.04,9.075,9.13,9.18,9.32,9.46,9.56,9.72,9.87,10.02,10.16,10.25,10.4,10.52,10.59,10.71,10.82,10.945,11.07,11.13,11.235,11.35,11.42,11.53,11.66,11.78,11.89,11.94,12.03,12.11,12.16,12.24,12.32,12.385,12.41,12.4,12.375,12.35,12.315,12.26,12.23,12.175,12.11,12.06,12.02,11.95,11.845,11.77,11.74,11.68,11.62,11.56,11.48,11.42,11.325,11.23,11.16,11.06,10.99,10.94,10.93,10.92,10.86,11.04,11.345,11.46,12.08,11.97,12.34,12.13,12.44,12.92,12.625,13.2,12.86,13.37,12.02,12.71,13.79,13.64,12.57,12.72,14.825,8.42,8.14,1.75,2.115,8.06,4.55,6.26,12.235,7.205,4.82,5.62,7.445,6.17,5.42,5.31,5.775,5.735,5.745,5.7,5.84,6.08,5.84,6.35,6.69,6.495,6.465,6.525,6.555,6.595,6.57,6.555,6.54,6.59,6.61,6.59,6.675,6.655,6.665,6.735,6.78,6.845,6.805,6.955,7.03,7.085,7.14,7.15,7.31,7.275,7.355,7.38,7.43,7.51,7.505,7.52,7.545,7.595,7.61,7.44,7.515,7.52,7.47,7.45333333333333,7.6,7.47,7.44,7.425,7.18,7.225,7.2,6.96,6.765,6.78,6.67,6.59333333333333,6.47,6.535,6.575,6.41,6.39,6.18,6.19,6.22333333333333,6.17,6.25,6.08,5.96,5.985,5.97333333333333,5.825,5.685,5.85,5.91,5.72,5.94666666666667,6.165,5.905,5.985,5.785,5.17666666666667,5.815,5.52,5.06,5.33,5.22,4.715,5.13,5.56,5,4.87,3.85,4.19333333333333,4.605,3.95,4.37333333333333,3.02,4.315,3.325,6.64,6.39,8.3,7.7,7.585,4.04666666666667
"s5",2.54333333333333,2.50333333333333,2.4875,2.47666666666667,2.50333333333333,2.51,2.5325,2.57666666666667,2.615,2.67666666666667,2.68666666666667,2.7375,2.75666666666667,2.795,2.85,2.90666666666667,2.985,3.07666666666667,3.18,3.28,3.38,3.48,3.5825,3.68666666666667,3.7775,3.86333333333333,3.9425,4.02,4.1,4.17333333333333,4.2675,4.35333333333333,4.46,4.5925,4.73,4.8875,5.1,5.31,5.5,5.6575,5.7375,5.87666666666667,6.1725,6.26666666666667,6.2325,6.24,6.22666666666667,6.195,6.17,6.145,6.12,6.13666666666667,6.16,6.17,6.1675,6.155,6.16,6.1625,6.2075,6.24333333333333,6.26,6.245,6.21333333333333,6.195,6.19,6.14333333333333,6.1125,6.065,6.22,6.44333333333333,6.705,7.1725,7.69666666666667,8.2925,8.9225,9.45,10.03,10.555,11.1375,11.6375,11.9825,12.2433333333333,12.435,12.6125,12.575,13.03,13.06,13.0833333333333,13.165,13.245,13.31,13.42,13.4975,13.59,13.6375,13.63,13.815,13.89,13.9425,14.035,14.0975,14.14,14.17,14.24,14.2925,14.3125,14.395,14.42,14.484,14.5375,14.5675,14.495,14.54,14.682,14.6275,14.67,14.835,14.712,14.3075,14.21,14.466,14.36,14.4325,14.4475,14.442,14.5,14.5575,14.4575,14.562,14.62,14.615,14.7,14.8,14.85,14.95,15.06,15.14,15.225,15.29,15.31,15.35,15.425,15.47,15.5,15.535,15.56,15.58,15.585,15.58,15.58,15.57,15.52,15.5,15.45,15.275,14.96,14.76,14.82,15.13,15.07,14.91,14.66,14.71,14.695,14.66,14.59,14.565,14.55,14.54,14.58,14.62,14.61,14.655,14.7,14.74,14.815,14.89,14.95,15.045,15.11,15.15,15.19,15.235,15.28,15.345,15.42,15.47,15.475,15.47,15.44,15.39,15.33,15.27,15.18,15.05,14.95,14.74,14.47,14.3,14.095,13.85,13.5,13.305,12.92,12.34,12.27,12.73,12.78,12.375,12.03,12.28,12.475,12.31,12.06,12.22,11.96,11.195,10.08,9.95,9.96,9.64,8.96,8.3,7.95,7.82,7.95,8.17,8.185,8.28,8.26,8.31,8.32,8.38,8.52,8.66,8.76,8.925,9.09,9.23,9.36,9.47,9.615,9.73,9.83,9.945,10.06,10.2,10.32,10.4,10.505,10.61,10.7,10.815,10.94,11.075,11.19,11.24,11.335,11.42,11.49,11.565,11.64,11.695,11.73,11.72,11.695,11.65,11.62,11.58,11.54,11.475,11.43,11.38,11.315,11.25,11.145,11.08,11.03,10.98,10.94,10.885,10.77,10.73,10.62,10.51,10.43,10.335,10.28,10.245,10.19,10.13,10.18,10.25,10.56,10.98,11.48,11.405,11.49,11.675,12.44,11.96,11.63,11.68,11.55,12.3,12.57,12.43,12.07,12.215,12,12.72,11.92,11.5,4.15,10.53,NA,3.46,2.27,NA,NA,3.04,3.61,0.945,2.6,4.17,3.395,4.495,4.595,4.735,4.77,4.9,5.105,5.225,5.25,5.625,5.365,5.58,5.765,5.78,5.815,5.84,5.85,5.925,5.845,5.83,6,5.925,5.855,5.885,5.975,5.97,5.995,6.02,6.18,6.255,6.285,6.325,6.41,6.545,6.45,6.525,6.465,6.555,6.72,6.78,6.86,6.865,6.86,6.84,6.835,6.74,6.735,6.84,6.77,6.84,6.9,6.88,6.83,6.695,6.615,6.595,6.505,6.33,6.12,6.145,5.955,5.79333333333333,5.775,5.755,5.765,5.715,5.645,5.465,5.465,5.56333333333333,5.34,5.16,5.19,5.28,5.34,5.16666666666667,5.03,5.285,5.09,4.975,4.845,5.32,4.97,5.49,5.02,4.695,5.07333333333333,4.29,4.705,4.98,4.41,4.13,4.005,4.28,4.5,4.295,4.68,5.21,4.08666666666667,3.885,3.635,3.26333333333333,2.975,3.35,1.22,4.155,1.6,4.13,1.72,1.67,4.11
"s6",2.60666666666667,2.55,2.5125,2.51,2.51,2.51666666666667,2.5275,2.56,2.5925,2.62666666666667,2.63,2.6725,2.66666666666667,2.695,2.73666666666667,2.78333333333333,2.8525,2.93666666666667,3.03,3.11666666666667,3.205,3.29333333333333,3.3825,3.46666666666667,3.54,3.6,3.655,3.71,3.765,3.83,3.9025,3.98333333333333,4.075,4.21,4.37,4.575,4.84,5.11,5.35666666666667,5.5375,5.7575,5.89,6.025,6.11666666666667,6.135,6.1,6.02,5.9125,5.83,5.76,5.6825,5.66,5.6675,5.65666666666667,5.6175,5.5525,5.5,5.48,5.4875,5.5,5.46,5.36,5.29,5.245,5.1775,5.08,4.9975,5.015,5.0475,5.17333333333333,5.5525,6.2125,6.98666666666667,7.8575,8.8275,9.695,10.4766666666667,11.305,12.165,12.935,13.5025,13.9066666666667,14.185,14.4275,14.4975,14.7375,14.915,14.9866666666667,15.0775,15.1625,15.215,15.3175,15.3825,15.465,15.5225,15.4825,15.585,15.6775,15.7425,15.85,15.9525,16.0225,16.09,16.1375,16.205,16.2475,16.3025,16.3375,16.384,16.43,16.4575,16.375,16.3325,16.418,16.395,16.405,16.4925,16.476,16.1725,15.935,15.956,15.985,15.86,15.955,15.966,15.945,16.12,16.1325,16.184,16.2475,16.205,16.32,16.44,16.51,16.61,16.73,16.8,16.915,16.99,17.03,17.07,17.15,17.2,17.24,17.28,17.32,17.33,17.34,17.34,17.35,17.31,17.26,17.19,17.14,17,16.65,16.39,16.36,16.48,16.5,16.355,16.06,15.96,15.935,15.89,15.86,15.875,15.88,15.86,15.88,15.92,15.93,15.955,16.03,16.09,16.185,16.27,16.34,16.46,16.56,16.62,16.66,16.735,16.78,16.84,16.91,16.96,16.97,16.96,16.93,16.875,16.8,16.72,16.59,16.41,16.27,16.025,15.71,15.49,15.18,14.87,14.65,14.17,13.54,13.37,12.985,13.04,13.1,12.71,12.71,12.98,12.655,12.31,12.615,12.96,11.96,11.195,9.82,10.19,9.855,8.88,8.24,7.555,7.06,7.07,7.265,7.38,7.355,7.33,7.29,7.26,7.44,7.52,7.715,7.91,8.04,8.255,8.47,8.675,8.87,8.99,9.175,9.37,9.5,9.665,9.83,9.99,10.15,10.26,10.4,10.56,10.66,10.82,10.98,11.145,11.28,11.36,11.49,11.61,11.67,11.77,11.86,11.92,11.94,11.96,11.925,11.89,11.86,11.81,11.75,11.695,11.62,11.57,11.465,11.35,11.265,11.15,11.1,11.055,10.97,10.895,10.77,10.71,10.59,10.47,10.37,10.31,10.24,10.165,10.19,10.17,10.235,10.35,10.88,11.22,11.48,11.795,12.34,12.58,12.44,12.92,12.625,12.18,12.6,12.3,12.57,12.155,12.64,12.5,12.57,12.14,12.5,9.45,1.56,7.02,4.075,3.44,2.27,2.17,NA,1.47,1.2,2.715,6.77,4.415,3,3.515,3.26,3.435,3.66,3.87,3.99,3.99,4.27,4.26,4.64,4.435,4.575,4.65,4.655,4.645,4.8,4.84,4.875,4.74,4.715,4.9,4.825,4.945,4.96,5.02,5.02,4.995,5.14,5.365,5.445,5.425,5.54,5.605,5.705,5.685,5.78,5.85,5.87,5.895,5.995,6.03,6.065,6.06,6.045,5.89,6.05,6,5.945,5.93333333333333,6.16,5.995,6.015,5.91,5.815,5.71,5.67,5.465,5.355,5.195,5.04,5.08333333333333,5.015,5.025,4.905,4.79,4.65,4.61,4.645,4.57333333333333,4.565,4.435,4.37,4.23,4.01,4.13333333333333,4.2,4.205,4.12,4.265,4.225,4.48,4.79,4.7,4.1,3.925,3.79,3.535,3.58,3.495,3.79333333333333,3.58,3.38,3.36,3.24666666666667,3.015,2.855,2.89,1.76333333333333,2.44,2.905,2.35666666666667,2.23,4.39,2.18,1.69,1.59,3.13,3.42,3.42,4.85666666666667
"t1",1.93333333333333,1.79666666666667,1.6625,1.60333333333333,1.63,1.56666666666667,1.5725,1.59,1.58,1.60666666666667,1.54,1.5475,1.47666666666667,1.465,1.48333333333333,1.51,1.565,1.65666666666667,1.7725,1.89333333333333,2.05,2.23,2.445,2.66666666666667,2.84,2.99333333333333,3.125,3.25333333333333,3.37,3.51,3.6875,3.91,4.2275,4.6875,5.26333333333333,6.08,7.09333333333333,8.14,9.06666666666667,9.93,10.21,10.2766666666667,11.0275,11.3733333333333,11.34,11.0175,10.6,10.075,9.60333333333333,9.2475,8.89,8.69666666666667,8.5825,8.44,8.1975,7.84,7.56333333333333,7.405,7.3,7.21333333333333,7.0025,6.57,6.14333333333333,5.8975,5.5075,5.04,4.675,4.36,4.445,5.02333333333333,6.445,8.9225,11.69,14.5725,17.645,20.4675,22.7033333333333,25.2075,27.58,29.695,31.215,32.22,32.9225,33.465,34.13,33.64,34.245,34.4666666666667,34.595,34.7525,34.87,34.9925,35.1225,35.225,35.45,35.5725,35.495,35.6425,35.805,35.865,36.02,36.1775,36.3475,36.4225,36.5175,36.6825,36.725,36.855,36.978,37.02,37.1525,37.335,37.2,37.168,37.3075,37.235,37.0825,37.462,37.6625,36.2675,36.436,36.545,36.2,35.9525,35.56,35.3425,35.17,35.72,35.512,35.55,35.805,35.9,36.16,36.3,36.575,36.84,37.03,37.31,37.58,37.75,37.86,38.075,38.24,38.33,38.47,38.56,38.62,38.685,38.72,38.7,38.69,38.62,38.55,38.48,38.29,37.61,36.65,35.71,36,35.9,35.585,34.36,33.49,32.975,32.76,32.58,32.505,32.49,32.4,32.33,32.28,32.28,32.335,32.46,32.6,32.84,33.05,33.25,33.505,33.78,33.93,34.07,34.23,34.37,34.54,34.62,34.64,34.68,34.64,34.58,34.39,34.11,33.86,33.44,32.83,32.42,31.535,30.79,30.14,28.995,28.31,28.03,26.96,25.47,25.15,24.88,24.47,24.55,24.2,24.41,24.5,24.33,23.93,23.605,23.28,22.32,21.15,18.9,17.92,17.925,14.97,13.43,10.69,9.1,8.98,9.44,9.89,9.605,9.43,9.03,8.785,8.83,8.96,9.29,9.67,9.94,10.375,10.82,11.24,11.66,11.96,12.38,12.84,13.12,13.505,13.9,14.285,14.64,14.88,15.24,15.61,15.84,16.185,16.52,16.855,17.19,17.39,17.69,17.96,18.14,18.405,18.67,18.88,19.03,19.09,19.06,18.97,18.875,18.73,18.63,18.435,18.25,18.13,17.955,17.69,17.435,17.22,17.07,16.865,16.67,16.43,16.12,15.95,15.65,15.36,15.2,14.985,14.82,14.745,14.72,14.75,15.27,15.73,16.59,18.37,19.29,20.53,22.06,21.425,22.1,22.95,22.19,21.39,22.615,22.42,21.74,22.955,23.23,21.97,23.53,23.03,22.925,19.035,13.3,17.02,11.425,9.41,5.065,13.105,13.88,4.515,6.15,4.685,2.93,6.105,4.92,3.44,2.96,3.155,3.13,3.23,3.28,3.765,4.475,5.06,4.97,4.455,4.2,4.04,4.065,4.18,4.375,4.49,4.555,4.66,4.605,4.53,4.61,4.73,4.86,4.9,5.04,5.125,5.4,5.63,5.885,6.055,6.26,6.295,6.34,6.47,6.46,6.83,7,7.025,7.185,7.195,7.175,7.235,7.16,7.015,7.05,7.01,7.085,7.03666666666667,7.095,7.11,7.04,6.97,6.875,6.605,6.56,6.605,6.425,6.27,6.08,5.79666666666667,5.71,5.52,5.485,5.42,5.24,5.27,5.265,5.14666666666667,4.925,4.85,5.175,4.74,4.68,4.94666666666667,4.835,5.07,4.9,4.755,5.205,5.93,6.515,7.055,6.115,5.41,4.98666666666667,4.98,4.97,5.975,4.56666666666667,5.77,5.03,5.57,5.61333333333333,5.385,8.005,7.29,6.33,6.51,8.53,8.59,5.235,10.675,10.38,14.99,11.74,13.6133333333333,16.185,20.205,17.1466666666667
"t2",1.63333333333333,1.35666666666667,1.2325,1.16666666666667,1.12,1.06666666666667,1.07,1.06,1.0575,1.07333333333333,1.04,1.0775,1.06,1.085,1.14333333333333,1.19333333333333,1.265,1.34666666666667,1.4425,1.52333333333333,1.6325,1.74666666666667,1.88,2.01666666666667,2.135,2.24,2.335,2.42666666666667,2.5125,2.64,2.775,2.89666666666667,3.055,3.345,3.67333333333333,4.13,4.66,5.215,5.70666666666667,6.21,6.545,6.9,6.7025,6.16666666666667,6.61,6.885,6.73333333333333,6.4875,6.28,6.1375,6.055,5.89666666666667,5.85,5.80333333333333,5.7225,5.58,5.44666666666667,5.4375,5.4675,5.39666666666667,5.2325,5.055,4.87333333333333,4.7675,4.5525,4.38666666666667,4.3125,4.295,4.4025,4.14666666666667,4.85,6.3825,7.82,9.25,10.8825,12.6025,13.9866666666667,15.34,16.775,17.94,18.9225,19.55,20.025,20.365,21.18,20.755,20.805,21.07,21.1975,21.335,21.4975,21.5725,21.705,21.7875,21.97,22.315,22.1725,22.2375,22.3525,22.3675,22.4525,22.5425,22.6925,22.77,22.7925,22.945,22.96,23.075,23.148,23.205,23.275,23.5575,23.6725,23.408,23.7325,23.6625,23.445,23.772,24.48,24.3775,23.552,24.155,23.705,23.405,23.102,22.715,22.4975,22.9475,22.95,22.85,22.94,22.995,23.15,23.27,23.425,23.6,23.74,23.925,24.09,24.18,24.27,24.43,24.57,24.66,24.745,24.83,24.89,24.955,25.01,25.03,25.03,25.04,25.04,25.03,24.85,24.49,24.25,24.29,24.59,24.25,23.58,22.69,22.32,21.575,20.95,20.59,20.315,20.19,20.08,20.06,19.99,19.95,20.015,20.18,20.31,20.575,20.85,21.02,21.265,21.49,21.64,21.77,21.925,22.08,22.255,22.43,22.49,22.485,22.45,22.42,22.305,22.16,22.03,21.8,21.47,21.24,20.71,20.31,19.96,19.38,18.96,18.85,18.725,17.92,17.54,16.8,16.67,16.61,16.695,16.14,16.47,16.495,16.24,15.88,15.52,15.45,14.805,13.06,12.05,11.885,10.7,9.59,7.335,6.74,6.68,6.99,7.17,7,6.66,6.37,6.125,6.18,6.32,6.52,6.74,6.89,7.135,7.38,7.635,7.9,8.04,8.31,8.57,8.75,8.99,9.24,9.475,9.67,9.79,9.995,10.22,10.36,10.565,10.78,10.96,11.14,11.26,11.415,11.57,11.69,11.825,11.98,12.1,12.14,12.14,12.065,11.92,11.75,11.51,11.32,11.005,10.64,10.47,10.21,9.96,9.77,9.63,9.55,9.49,9.41,9.285,9.14,9.04,8.86,8.74,8.65,8.62,8.59,8.595,8.71,8.77,9.115,9.65,10.84,11.66,12.5,13.775,14.71,14.35,14.36,15.3,15.165,15.03,15.175,15.15,16.15,15.1,14.84,14.65,15.69,15.79,15.945,11.955,8.465,12.77,9.125,10.575,7.505,3.365,9.865,9.17,6.15,4.685,4.885,1.92,2.68,1.75,1.78,1.83,1.815,2.17,2.225,2.75,2.895,3.275,3.13,3.025,2.64,2.655,2.635,2.785,2.805,2.93,3.06,3.02,2.94,2.92,2.97,2.985,3.06,3.1,3.265,3.29,3.37,3.41,3.64,3.675,3.75,3.83,3.9,3.985,3.95,4.035,4.115,4.235,4.38,4.445,4.295,4.25,4.235,4.31,4.315,4.265,4.195,4.16,4.28,4.255,4.18,4.125,3.965,3.935,3.885,3.69,3.5,3.445,3.215,3.14,3.015,2.965,3,2.87,2.9,2.685,2.53,2.66666666666667,2.545,2.47,2.56,2.63,2.715,2.73,2.5,2.72,2.8,2.715,3.05,3.36666666666667,3.635,4.035,3.405,3.41,2.96333333333333,2.345,3.21,2.36,2.66666666666667,3.52,2.515,2.765,2.76333333333333,3.08,4.22,5.73,1.95,3.545,4.385,4.27333333333333,2.83,7.95,9.98666666666667,6.535,9.9,8.1,12.08,10.08,8.72
"t3",0.78,0.733333333333333,0.6875,0.67,0.653333333333333,0.633333333333333,0.625,0.62,0.605,0.61,0.593333333333333,0.595,0.573333333333333,0.57,0.573333333333333,0.586666666666667,0.6025,0.63,0.665,0.7,0.7425,0.793333333333333,0.8475,0.906666666666667,0.945,0.983333333333333,1.015,1.04,1.0675,1.1,1.1425,1.19333333333333,1.2725,1.37,1.51,1.7025,1.95,2.2075,2.45,2.65,2.78,2.7,2.94,3.07,3.0325,2.945,2.81333333333333,2.67,2.54666666666667,2.45,2.355,2.3,2.2675,2.23,2.1775,2.0925,2.03,1.995,1.97,1.95,1.8975,1.785,1.69,1.6325,1.5575,1.47,1.3875,1.3375,1.3475,1.51,1.82,2.4125,3.11666666666667,3.9125,4.805,5.675,6.49,7.34,8.27,9.115,9.7625,10.21,10.52,10.785,10.935,11.015,11.105,11.2,11.2625,11.3125,11.35,11.4025,11.4525,11.5025,11.5725,11.62,11.66,11.6775,11.7175,11.77,11.825,11.89,11.9425,11.9825,12.0275,12.0825,12.1225,12.165,12.206,12.2375,12.2875,12.335,12.3225,12.364,12.41,12.375,12.3975,12.492,12.5575,12.3775,12.41,12.4075,12.3025,12.07,11.952,11.805,11.7775,11.81,11.848,11.87,11.92,11.885,11.88,11.93,12.045,12.13,12.19,12.26,12.33,12.36,12.43,12.515,12.6,12.63,12.67,12.71,12.74,12.75,12.74,12.72,12.645,12.51,12.48,12.43,12.045,11.35,11.16,11.725,12.37,12.18,11.68,11.13,11.3,11.09,10.76,10.52,10.35,10.22,10.15,10.185,10.18,10.13,10.18,10.25,10.31,10.41,10.51,10.59,10.72,10.81,10.86,10.91,10.955,10.98,11.015,11.15,11.23,11.225,11.17,11.14,11.015,10.89,10.79,10.605,10.4,10.25,9.925,9.54,9.37,9.1,8.69,8.44,8.385,8.25,8.19,7.9,7.45,7.94,7.695,8.27,7.63,8.045,7.69,7.725,7.33,7.3,6.935,6.53,5.86,5.53,4.81,4.26,3.495,2.86,2.78,2.98,3.09,3.06,3,2.71,2.745,2.61,2.66,2.735,2.83,2.92,3.035,3.17,3.28,3.41,3.49,3.62,3.77,3.85,3.97,4.1,4.235,4.36,4.44,4.545,4.65,4.73,4.855,4.99,5.1,5.2,5.27,5.375,5.47,5.54,5.645,5.73,5.805,5.85,5.86,5.87,5.83,5.805,5.76,5.72,5.66,5.6,5.55,5.49,5.43,5.35,5.28,5.23,5.18,5.13,5.045,4.97,4.91,4.805,4.76,4.69,4.66,4.69,4.705,4.69,4.69,4.99,5.13,5.585,6.12,6.79,6.98,7.35,7.57,7.73,7.65,7.02,7.51,7.74,7.27,6.83,7.545,7.1,7.64,7.84,7.89,7.305,8.05,2.8,4.26,4.6,2.38,NA,5.45,13.845,6.405,3.08,5.295,3.95,2.1,2.86,0.76,1.025,0.755,0.985,1.06,1.1,1.125,1.31,1.29,1.245,1.485,1.48,1.29,1.19,1.225,1.35,1.39,1.405,1.44,1.505,1.495,1.475,1.36,1.46,1.53,1.485,1.585,1.605,1.675,1.735,1.74,1.855,1.85,1.845,1.925,1.965,2.02,1.965,2.1,2.12,2.17,2.165,2.17,2.025,2.03,2.16,2.11,2.14,2.17,2.205,2.065,2.09,2.045,1.97,1.92,1.935,1.895,1.835,1.78,1.79,1.70333333333333,1.715,1.57,1.51,1.61,1.375,1.505,1.485,1.52333333333333,1.41,1.57,1.57,1.435,1.41,1.57,1.355,1.3,1.67,1.56,1.92,1.91666666666667,1.645,1.815,2.085,2.14,1.92666666666667,2.05,1.185,1.935,2.37,1.005,0.835,2.345,1.76,1.61,2.85,2.605,1.83,1.97,1.88,5.54333333333333,7.555,4.445,4.63666666666667,3.755,6.315,10.5266666666667,8,8.06,6.755
"t4",0.946666666666667,0.89,0.8175,0.82,0.813333333333333,0.77,0.765,0.776666666666667,0.775,0.78,0.763333333333333,0.7675,0.75,0.7525,0.77,0.79,0.8225,0.856666666666667,0.9,0.94,0.975,1.01666666666667,1.06,1.11,1.145,1.18,1.205,1.23,1.26,1.29333333333333,1.3375,1.39,1.46,1.5675,1.69333333333333,1.8825,2.13333333333333,2.4,2.64333333333333,2.82,2.9175,3.03333333333333,3.1175,3.15,3.1225,3.0325,2.89333333333333,2.7325,2.60333333333333,2.5025,2.42,2.36333333333333,2.335,2.3,2.2475,2.1775,2.12,2.095,2.09,2.08,2.0375,1.9575,1.88666666666667,1.85,1.7975,1.73666666666667,1.695,1.6725,1.7,1.8,2.0725,2.6275,3.34333333333333,4.2425,5.375,6.59,7.89666666666667,9.2475,10.7975,12.135,13.185,13.8966666666667,14.42,14.835,15.1675,15.4775,15.52,15.6233333333333,15.725,15.825,15.9525,16.0525,16.1625,16.2675,16.345,16.515,16.5925,16.68,16.74,16.7925,16.8675,16.91,16.9925,17.07,17.135,17.21,17.29,17.3475,17.438,17.4775,17.555,17.63,17.77,17.758,17.885,17.955,17.925,17.95,18.0175,17.8175,17.886,17.91,17.7125,17.5475,17.142,16.95,16.6975,16.8925,16.892,16.9475,17.025,16.97,17.12,17.24,17.45,17.65,17.79,17.955,18.11,18.21,18.31,18.46,18.59,18.66,18.76,18.84,18.89,18.93,18.95,18.96,18.88,18.81,18.79,18.73,18.33,17.7,17.53,17.92,18.44,18.16,17.39,16.59,16.49,15.975,15.48,15.17,14.925,14.78,14.72,14.785,14.74,14.7,14.77,14.87,14.96,15.115,15.25,15.38,15.555,15.69,15.78,15.87,15.975,16.07,16.19,16.39,16.48,16.44,16.36,16.3,16.155,15.96,15.82,15.535,15.22,14.96,14.44,13.96,13.65,13.165,12.57,12.33,12.18,11.79,11.7,11.53,11.35,11.19,10.88,11.02,11.24,10.725,10.68,10.945,10.78,10.3,9.47,8.59,8.14,8.475,7.49,6.4,5.095,4.21,4.29,4.455,4.63,4.49,4.33,4.14,3.945,3.84,3.87,3.985,4.1,4.19,4.35,4.5,4.66,4.83,4.93,5.13,5.28,5.39,5.555,5.71,5.88,6.06,6.15,6.295,6.45,6.55,6.725,6.9,7.055,7.21,7.3,7.425,7.56,7.64,7.77,7.89,7.995,8.05,8.09,8.08,8.04,7.985,7.93,7.87,7.78,7.69,7.63,7.55,7.44,7.32,7.22,7.16,7.09,7.02,6.92,6.78,6.71,6.6,6.49,6.43,6.37,6.33,6.395,6.39,6.5,6.775,7.39,7.92,8.75,9.29,9.835,9.8,10.18,10.5,10.38,10.68,10.98,10.135,10.91,10.56,10.695,10.32,10.83,11.11,11.18,10.63,10.79,6.645,10.64,9.205,10.6,6.35,7.9,3.94,7.285,4.62,3.26,3.95,4.97,3.115,2.095,2.36,1.995,1.715,2.08,2.27,2.135,2.76,2.925,2.735,2.675,2.35,2.34,2.22,2.27,2.355,2.38,2.395,2.38,2.395,2.355,2.315,2.29,2.34,2.365,2.335,2.42,2.59,2.645,2.745,2.875,2.9,2.825,2.865,2.85,2.92,2.95,3.08,3.165,3.28,3.19,3.205,3.175,3.175,3.14,3.075,3.065,3.115,3.01333333333333,3.01,3,3.095,2.93,2.89,3.03,2.95,2.825,2.815,2.9,2.62,2.56333333333333,2.65,2.515,2.49,2.53,2.27,2.43,2.305,2.29333333333333,2.35,2.245,2.285,2.4,2.115,2.36,2.33,1.965,2.215,2.235,2.415,2.88,2.93,3.36,2.78,2.54,2.69333333333333,2.645,2.395,3.505,3.82,3.405,2.515,2.78,3.09666666666667,3.755,4.005,3.91,1.69,1.97,2.825,3.57666666666667,3.315,3.915,7.72333333333333,13.995,5.42,9.29,7.06,6.04,9.59333333333333
"t5",1.85666666666667,1.76333333333333,1.695,1.64,1.62666666666667,1.59666666666667,1.585,1.58666666666667,1.5925,1.59333333333333,1.55333333333333,1.5725,1.53,1.555,1.59,1.62,1.685,1.76,1.8425,1.92333333333333,2.01,2.1,2.215,2.32333333333333,2.4,2.46666666666667,2.52,2.57333333333333,2.6275,2.69666666666667,2.785,2.87666666666667,3.005,3.2275,3.49333333333333,3.88,4.38,4.9275,5.41,5.7575,6.04,6.39,6.43,6.40333333333333,6.4025,6.245,5.96666666666667,5.6475,5.37333333333333,5.1675,4.9975,4.89,4.825,4.75333333333333,4.64,4.48,4.36333333333333,4.305,4.29,4.27333333333333,4.1775,4.03,3.90666666666667,3.8125,3.685,3.54333333333333,3.4075,3.395,3.48,3.63,4.17,5.235,6.58,8.1825,10.1075,12.07,13.99,15.9125,17.975,19.6675,20.96,21.8,22.4075,22.845,23.3625,23.5075,23.575,23.71,23.8175,23.93,24.0775,24.185,24.315,24.4275,24.545,24.775,24.835,24.9375,25.04,25.0975,25.1925,25.2625,25.345,25.4675,25.5125,25.6325,25.7025,25.8,25.898,25.9475,26.0325,26.1625,26.365,26.266,26.5125,26.6375,26.5,26.602,26.8325,26.615,26.63,26.9525,26.6875,26.5225,26.276,26.07,25.7225,26.0675,25.954,26.0375,26.105,26.055,26.14,26.22,26.44,26.58,26.71,26.86,26.97,27.05,27.14,27.25,27.35,27.4,27.495,27.55,27.59,27.595,27.62,27.63,27.535,27.45,27.44,27.39,26.905,26.14,25.9,26.97,28,27.61,26.805,26.04,26.18,25.795,25.09,24.66,24.33,24.07,23.97,24.035,24.01,23.92,23.98,24.06,24.16,24.28,24.4,24.52,24.655,24.76,24.83,24.89,24.96,25,25.11,25.35,25.49,25.455,25.36,25.28,25.09,24.87,24.7,24.415,24.08,23.84,23.21,22.63,22.26,21.745,20.87,20.18,19.435,19.1,19.01,18.785,18.79,18.41,18.39,18.5,18.47,18.35,17.95,18.24,18.1,17.6,16.2,14.78,14.66,14.505,12.83,11.3,9.435,8.09,7.79,8.06,8.35,8.28,8.1,7.92,7.655,7.53,7.56,7.74,7.94,8.1,8.385,8.66,8.94,9.21,9.39,9.675,9.96,10.14,10.4,10.66,10.935,11.23,11.41,11.65,11.88,12.05,12.29,12.58,12.845,13.08,13.23,13.41,13.57,13.7,13.915,14.12,14.3,14.39,14.42,14.41,14.36,14.26,14.13,14.07,13.925,13.78,13.72,13.575,13.41,13.21,13.04,12.95,12.8,12.66,12.53,12.38,12.22,11.98,11.76,11.63,11.5,11.34,11.355,11.35,11.38,11.68,12.16,13.25,14.29,15,16.155,17.16,17.245,17.13,18.03,17.98,17.92,17.86,18.18,16.15,18.24,17.42,18.15,18.95,18.42,18.935,20.925,9.375,6.38,4.68,3.545,11.415,12.305,1.98,7.285,4.62,3.365,2.42,3.84,3.32,3.5,3.01,3.055,3.235,3.32,3.395,3.705,4.375,4.315,4.62,4.5,4.2,3.955,4.08,4.005,4.035,4.115,4.205,4.21,4.055,4.325,4.34,4.28,4.325,4.525,4.525,4.595,4.735,4.85,5.005,5.215,5.375,5.4,5.385,5.5,5.595,5.67,5.87,5.9,6.01,6.115,6.07,6.04,6.145,5.995,5.86,5.84,5.84,5.88,6.055,6.11,5.855,5.81,5.825,5.72,5.645,5.43,5.285,5.185,5.085,5.06333333333333,4.91,4.99,4.8,4.505,4.535,4.345,4.195,4.25333333333333,4.235,4.29,4.24,4.12,4.085,4.21333333333333,4.1,4.235,4.045,4.235,4.47,4.94,5.34,5.58,5.56,4.945,4.62666666666667,4.22,3.855,4.42,4.94666666666667,4.665,3.355,3.225,3.94,4.04,5.065,4.69,4.93666666666667,4.525,5.42,6.16666666666667,8.985,11.335,11.9666666666667,10.27,13.49,11.1666666666667,8.06,6.06,10.25
"t6",1.77,1.69666666666667,1.6125,1.59333333333333,1.56666666666667,1.54,1.54,1.55333333333333,1.5425,1.56666666666667,1.54666666666667,1.5675,1.55666666666667,1.575,1.62,1.65666666666667,1.715,1.78666666666667,1.855,1.92,1.9875,2.05,2.12,2.19333333333333,2.2425,2.28,2.315,2.34,2.375,2.42333333333333,2.495,2.57333333333333,2.685,2.86,3.08333333333333,3.405,3.84,4.2975,4.70333333333333,5.0025,5.26,5.33333333333333,5.51,5.54,5.47,5.2775,5.00666666666667,4.715,4.46333333333333,4.265,4.105,4.01,3.94,3.86,3.7375,3.5825,3.47,3.3975,3.37,3.33,3.2425,3.0925,2.98666666666667,2.9,2.79,2.65333333333333,2.5475,2.53,2.565,2.68,3.09,3.9575,5.07333333333333,6.4625,8.155,9.885,11.7466666666667,13.57,15.59,16.7825,16.355,15.9733333333333,16.2525,16.65,20.0875,21.0225,19.7875,19.05,19.6525,20.665,21.2675,21.3825,21.475,21.57,21.6375,21.75,21.95,21.985,22.0025,22.0375,22.045,22.0625,22.0975,22.1575,22.225,22.27,22.3325,22.39,22.44,22.4775,22.54,22.5975,22.7825,22.864,22.94,23,23.0025,23.012,22.93,22.88,23.328,23.2775,23.09,22.8325,22.368,22.04,21.715,21.66,21.748,21.5725,21.68,21.53,21.52,21.64,21.86,22,22.11,22.235,22.35,22.44,22.54,22.7,22.81,22.88,22.96,23.05,23.1,23.115,23.15,23.12,23.005,22.89,22.88,22.81,22.17,21.18,21.12,22.295,23.56,22.85,21.855,20.91,21.08,20.45,19.52,18.96,18.56,18.28,18.16,18.24,18.18,18.06,18.15,18.27,18.4,18.595,18.75,18.89,19.085,19.21,19.32,19.42,19.51,19.57,19.695,19.97,20.1,20.055,19.94,19.86,19.66,19.42,19.25,18.96,18.61,18.4,17.765,17.15,16.9,16.495,15.54,15.06,14.96,14.62,14.04,13.845,13.83,13.72,13.32,14.17,13.65,13.81,13.25,13.52,13.36,12.45,12.055,11.34,10.1,9.945,8.82,8.32,6.2,5.14,5.01,5.435,5.54,5.525,5.44,5.13,4.845,4.7,4.75,4.875,5.05,5.17,5.37,5.58,5.795,6.01,6.16,6.41,6.63,6.79,7.01,7.22,7.465,7.71,7.84,8.025,8.22,8.36,8.57,8.79,9.01,9.18,9.3,9.455,9.6,9.71,9.875,10.02,10.15,10.22,10.21,10.2,10.15,10.065,9.94,9.86,9.685,9.53,9.43,9.27,9.1,8.94,8.8,8.73,8.635,8.53,8.405,8.25,8.15,7.985,7.8,7.72,7.65,7.61,7.605,7.67,7.68,8.03,8.46,9.265,9.91,11.07,11.8,12.25,12.28,12.71,12.57,12.92,12.72,12.215,12.73,13.04,12.58,11.61,13.055,12.42,12.5,13.62,12.64,7.625,10.64,11.59,7.06,12.2,6.25,6.94,4.515,3.08,4.075,1.02,3.055,2.935,2.165,2.12,2.085,1.975,1.85,1.97,2.405,2.75,2.675,3.03,2.69,2.535,2.35,2.32,2.35,2.44,2.475,2.48,2.59,2.605,2.61,2.515,2.49,2.61,2.565,2.7,2.715,2.845,3.015,3.14,3.23,3.28,3.32,3.265,3.305,3.43,3.58,3.535,3.66,3.715,3.715,3.815,3.805,3.73,3.545,3.63,3.455,3.615,3.64666666666667,3.52,3.61,3.645,3.45,3.42,3.36,3.265,3.3,3.18,3.11,3,2.76,2.695,2.615,2.68,2.665,2.455,2.545,2.535,2.35666666666667,2.465,2.495,2.535,2.625,2.68,2.41666666666667,2.38,2.555,2.565,2.875,2.915,3.19,3.335,3.025,2.645,2.805,2.42333333333333,2.41,2.575,3.055,2.66,3.655,1.68,3.13,3.68666666666667,1.995,2.515,1.56,2.85,2.365,2.59,3.82666666666667,6.585,4.445,4.82333333333333,NA,6.285,6.27,11.1,6.08,2.735
