"wave","m1","m2","m3","m4","m5","m6","s1","s2","s3","s4","s5","s6","t1","t2","t3","t4","t5","t6"
340,1.8,1.58666666666667,3.7,2.60666666666667,3.19333333333333,2.42333333333333,2.28,2.47666666666667,2.01333333333333,3.28,2.54333333333333,2.60666666666667,1.93333333333333,1.63333333333333,0.78,0.946666666666667,1.85666666666667,1.77
345,1.73,1.57666666666667,3.64666666666667,2.58,3.13,2.39666666666667,2.27666666666667,2.45333333333333,1.98333333333333,3.25,2.50333333333333,2.55,1.79666666666667,1.35666666666667,0.733333333333333,0.89,1.76333333333333,1.69666666666667
350,1.7175,1.5025,3.57,2.5075,3.095,2.3525,2.275,2.4325,1.95,3.1925,2.4875,2.5125,1.6625,1.2325,0.6875,0.8175,1.695,1.6125
355,1.70666666666667,1.47666666666667,3.58333333333333,2.51,3.08666666666667,2.36333333333333,2.30666666666667,2.46,1.93666666666667,3.22333333333333,2.47666666666667,2.51,1.60333333333333,1.16666666666667,0.67,0.82,1.64,1.59333333333333
360,1.72666666666667,1.48333333333333,3.62,2.55,3.11333333333333,2.38333333333333,2.32333333333333,2.46666666666667,1.94666666666667,3.25666666666667,2.50333333333333,2.51,1.63,1.12,0.653333333333333,0.813333333333333,1.62666666666667,1.56666666666667
365,1.70666666666667,1.48,3.6,2.52666666666667,3.12,2.37,2.35333333333333,2.47,1.95,3.27,2.51,2.51666666666667,1.56666666666667,1.06666666666667,0.633333333333333,0.77,1.59666666666667,1.54
370,1.7075,1.4775,3.63,2.5525,3.1325,2.3925,2.38,2.4925,1.9475,3.34,2.5325,2.5275,1.5725,1.07,0.625,0.765,1.585,1.54
375,1.74,1.50333333333333,3.69333333333333,2.60666666666667,3.18666666666667,2.42666666666667,2.42,2.52,1.98,3.40333333333333,2.57666666666667,2.56,1.59,1.06,0.62,0.776666666666667,1.58666666666667,1.55333333333333
380,1.7725,1.5125,3.6975,2.6225,3.1925,2.45,2.47,2.555,2.005,3.465,2.615,2.5925,1.58,1.0575,0.605,0.775,1.5925,1.5425
385,1.80666666666667,1.54,3.74333333333333,2.66333333333333,3.24666666666667,2.49333333333333,2.50666666666667,2.58333333333333,2.03333333333333,3.53666666666667,2.67666666666667,2.62666666666667,1.60666666666667,1.07333333333333,0.61,0.78,1.59333333333333,1.56666666666667
390,1.80333333333333,1.53333333333333,3.74333333333333,2.67,3.22333333333333,2.48333333333333,2.53666666666667,2.6,2.02,3.57666666666667,2.68666666666667,2.63,1.54,1.04,0.593333333333333,0.763333333333333,1.55333333333333,1.54666666666667
395,1.825,1.55,3.7675,2.7025,3.2425,2.5125,2.58,2.62,2.055,3.6425,2.7375,2.6725,1.5475,1.0775,0.595,0.7675,1.5725,1.5675
400,1.80333333333333,1.53,3.73,2.68666666666667,3.22333333333333,2.50333333333333,2.59333333333333,2.63,2.03333333333333,3.68,2.75666666666667,2.66666666666667,1.47666666666667,1.06,0.573333333333333,0.75,1.53,1.55666666666667
405,1.825,1.5425,3.7575,2.71,3.245,2.5325,2.625,2.6475,2.055,3.74,2.795,2.695,1.465,1.085,0.57,0.7525,1.555,1.575
410,1.85333333333333,1.56333333333333,3.81,2.74,3.28333333333333,2.56,2.66,2.67666666666667,2.08,3.82,2.85,2.73666666666667,1.48333333333333,1.14333333333333,0.573333333333333,0.77,1.59,1.62
415,1.89333333333333,1.59,3.87666666666667,2.78333333333333,3.34666666666667,2.59,2.69333333333333,2.70333333333333,2.11,3.89666666666667,2.90666666666667,2.78333333333333,1.51,1.19333333333333,0.586666666666667,0.79,1.62,1.65666666666667
420,1.945,1.6325,4.01,2.85,3.4475,2.6425,2.7475,2.7525,2.1575,4.0025,2.985,2.8525,1.565,1.265,0.6025,0.8225,1.685,1.715
425,2.02,1.68333333333333,4.16,2.93,3.58333333333333,2.7,2.80333333333333,2.81,2.22,4.11666666666667,3.07666666666667,2.93666666666667,1.65666666666667,1.34666666666667,0.63,0.856666666666667,1.76,1.78666666666667
430,2.095,1.75,4.36,3.0275,3.7425,2.7675,2.87,2.87,2.2925,4.245,3.18,3.03,1.7725,1.4425,0.665,0.9,1.8425,1.855
435,2.17333333333333,1.81,4.56666666666667,3.13,3.90666666666667,2.84,2.92666666666667,2.93666666666667,2.37333333333333,4.37,3.28,3.11666666666667,1.89333333333333,1.52333333333333,0.7,0.94,1.92333333333333,1.92
440,2.26,1.875,4.785,3.2425,4.0825,2.9175,2.99,3,2.4575,4.49,3.38,3.205,2.05,1.6325,0.7425,0.975,2.01,1.9875
445,2.35,1.95,5.01,3.37,4.26666666666667,3.00333333333333,3.05,3.07,2.54333333333333,4.61333333333333,3.48,3.29333333333333,2.23,1.74666666666667,0.793333333333333,1.01666666666667,2.1,2.05
450,2.445,2.025,5.2475,3.51,4.455,3.0875,3.1125,3.1325,2.6375,4.7275,3.5825,3.3825,2.445,1.88,0.8475,1.06,2.215,2.12
455,2.54,2.1,5.45666666666667,3.64666666666667,4.62666666666667,3.17666666666667,3.17333333333333,3.19666666666667,2.73,4.84,3.68666666666667,3.46666666666667,2.66666666666667,2.01666666666667,0.906666666666667,1.11,2.32333333333333,2.19333333333333
460,2.6225,2.1725,5.62,3.7625,4.7525,3.2575,3.2225,3.2425,2.8,4.9425,3.7775,3.54,2.84,2.135,0.945,1.145,2.4,2.2425
465,2.69,2.22666666666667,5.75666666666667,3.85666666666667,4.86,3.33,3.27,3.28333333333333,2.86666666666667,5.02666666666667,3.86333333333333,3.6,2.99333333333333,2.24,0.983333333333333,1.18,2.46666666666667,2.28
470,2.7525,2.275,5.865,3.94,4.9425,3.3875,3.315,3.3175,2.915,5.11,3.9425,3.655,3.125,2.335,1.015,1.205,2.52,2.315
475,2.81,2.32,5.96333333333333,4.02,5.02,3.45,3.35333333333333,3.35,2.96333333333333,5.18333333333333,4.02,3.71,3.25333333333333,2.42666666666667,1.04,1.23,2.57333333333333,2.34
480,2.865,2.365,6.06,4.1,5.09,3.51,3.395,3.3825,3.0125,5.2625,4.1,3.765,3.37,2.5125,1.0675,1.26,2.6275,2.375
485,2.93666666666667,2.43,6.16333333333333,4.18,5.16333333333333,3.57333333333333,3.43666666666667,3.41666666666667,3.07,5.34333333333333,4.17333333333333,3.83,3.51,2.64,1.1,1.29333333333333,2.69666666666667,2.42333333333333
490,3.0225,2.495,6.29,4.2875,5.27,3.65,3.485,3.4625,3.14,5.4375,4.2675,3.9025,3.6875,2.775,1.1425,1.3375,2.785,2.495
495,3.12333333333333,2.58,6.45333333333333,4.41333333333333,5.39333333333333,3.74,3.54,3.51,3.22,5.52333333333333,4.35333333333333,3.98333333333333,3.91,2.89666666666667,1.19333333333333,1.39,2.87666666666667,2.57333333333333
500,3.26,2.675,6.6875,4.605,5.6,3.86,3.61,3.58,3.3175,5.6275,4.46,4.075,4.2275,3.055,1.2725,1.46,3.005,2.685
505,3.4625,2.83,7.0125,4.87,5.8725,4.02,3.6875,3.6675,3.47,5.7725,4.5925,4.21,4.6875,3.345,1.37,1.5675,3.2275,2.86
510,3.70333333333333,3.03,7.40333333333333,5.16333333333333,6.19333333333333,4.19,3.76666666666667,3.78333333333333,3.66333333333333,5.93,4.73,4.37,5.26333333333333,3.67333333333333,1.51,1.69333333333333,3.49333333333333,3.08333333333333
515,4.015,3.2925,7.9275,5.56,6.615,4.415,3.8725,3.93,3.9225,6.13,4.8875,4.575,6.08,4.13,1.7025,1.8825,3.88,3.405
520,4.41666666666667,3.62,8.6,6.06666666666667,7.18333333333333,4.70333333333333,4.01,4.12333333333333,4.23666666666667,6.37,5.1,4.84,7.09333333333333,4.66,1.95,2.13333333333333,4.38,3.84
525,4.84,3.98,9.2925,6.5825,7.75,5,4.15,4.3225,4.565,6.625,5.31,5.11,8.14,5.215,2.2075,2.4,4.9275,4.2975
530,5.23333333333333,4.3,9.91,7.05666666666667,8.26666666666667,5.27,4.28333333333333,4.50333333333333,4.85666666666667,6.84666666666667,5.5,5.35666666666667,9.06666666666667,5.70666666666667,2.45,2.64333333333333,5.41,4.70333333333333
535,5.45,4.53,10.3525,7.395,8.5675,5.475,4.4125,4.61,5.045,7.005,5.6575,5.5375,9.93,6.21,2.65,2.82,5.7575,5.0025
540,5.8275,4.865,10.59,7.5175,8.73,5.535,4.375,4.72,5.315,7.255,5.7375,5.7575,10.21,6.545,2.78,2.9175,6.04,5.26
545,6.02333333333333,5.04666666666667,10.7566666666667,7.73666666666667,8.80333333333333,5.7,4.35666666666667,4.74666666666667,5.44666666666667,7.4,5.87666666666667,5.89,10.2766666666667,6.9,2.7,3.03333333333333,6.39,5.33333333333333
550,6.285,5.0025,11.415,8.3875,9.6425,6.1025,4.71,5.0425,5.5125,7.5025,6.1725,6.025,11.0275,6.7025,2.94,3.1175,6.43,5.51
555,6.37,5.05,11.6966666666667,8.52,9.85666666666667,6.20333333333333,4.84333333333333,5.12666666666667,5.58666666666667,7.58333333333333,6.26666666666667,6.11666666666667,11.3733333333333,6.16666666666667,3.07,3.15,6.40333333333333,5.54
560,6.33,5.14,11.4575,8.3175,9.5225,6.0875,4.75,5.0325,5.6125,7.6175,6.2325,6.135,11.34,6.61,3.0325,3.1225,6.4025,5.47
565,6.255,5.1,11.1925,8.17,9.28,6.0375,4.71,4.96,5.5425,7.6175,6.24,6.1,11.0175,6.885,2.945,3.0325,6.245,5.2775
570,6.12333333333333,4.98,10.9,7.99,9.03333333333333,5.96,4.67333333333333,4.88333333333333,5.41666666666667,7.57,6.22666666666667,6.02,10.6,6.73333333333333,2.81333333333333,2.89333333333333,5.96666666666667,5.00666666666667
575,5.95,4.815,10.57,7.7675,8.7575,5.865,4.635,4.7875,5.26,7.5,6.195,5.9125,10.075,6.4875,2.67,2.7325,5.6475,4.715
580,5.79333333333333,4.68,10.2733333333333,7.55666666666667,8.5,5.77,4.6,4.7,5.13333333333333,7.43666666666667,6.17,5.83,9.60333333333333,6.28,2.54666666666667,2.60333333333333,5.37333333333333,4.46333333333333
585,5.675,4.575,10.0375,7.3975,8.295,5.7,4.565,4.6275,5.0375,7.385,6.145,5.76,9.2475,6.1375,2.45,2.5025,5.1675,4.265
590,5.57,4.4825,9.785,7.2475,8.0975,5.635,4.5325,4.5475,4.9175,7.3275,6.12,5.6825,8.89,6.055,2.355,2.42,4.9975,4.105
595,5.52666666666667,4.43,9.68,7.18333333333333,8.01666666666667,5.62,4.52,4.51,4.87333333333333,7.31333333333333,6.13666666666667,5.66,8.69666666666667,5.89666666666667,2.3,2.36333333333333,4.89,4.01
600,5.51,4.4075,9.61,7.1425,7.9575,5.6175,4.52,4.49,4.86,7.32,6.16,5.6675,8.5825,5.85,2.2675,2.335,4.825,3.94
605,5.47,4.38,9.51666666666667,7.08,7.86666666666667,5.6,4.52,4.46,4.84,7.31666666666667,6.17,5.65666666666667,8.44,5.80333333333333,2.23,2.3,4.75333333333333,3.86
610,5.385,4.3175,9.345,6.96,7.7125,5.5525,4.5,4.4025,4.7775,7.295,6.1675,5.6175,8.1975,5.7225,2.1775,2.2475,4.64,3.7375
615,5.2575,4.2125,9.105,6.7875,7.505,5.48,4.4725,4.33,4.675,7.245,6.155,5.5525,7.84,5.58,2.0925,2.1775,4.48,3.5825
620,5.17,4.13,8.93,6.66,7.35666666666667,5.43666666666667,4.45666666666667,4.27333333333333,4.6,7.22,6.16,5.5,7.56333333333333,5.44666666666667,2.03,2.12,4.36333333333333,3.47
625,5.1125,4.09,8.81,6.5875,7.25,5.415,4.45,4.2275,4.555,7.21,6.1625,5.48,7.405,5.4375,1.995,2.095,4.305,3.3975
630,5.09,4.08,8.745,6.57,7.2025,5.425,4.4575,4.2075,4.5375,7.2275,6.2075,5.4875,7.3,5.4675,1.97,2.09,4.29,3.37
635,5.08,4.07,8.7,6.54666666666667,7.16,5.44,4.46666666666667,4.19,4.52333333333333,7.24,6.24333333333333,5.5,7.21333333333333,5.39666666666667,1.95,2.08,4.27333333333333,3.33
640,5.0225,4.0125,8.5725,6.45,7.0725,5.42,4.4725,4.1525,4.4725,7.23,6.26,5.46,7.0025,5.2325,1.8975,2.0375,4.1775,3.2425
645,4.88,3.8875,8.3025,6.2575,6.8775,5.3525,4.4475,4.065,4.355,7.17,6.245,5.36,6.57,5.055,1.785,1.9575,4.03,3.0925
650,4.75333333333333,3.78,8.07,6.08666666666667,6.68333333333333,5.27666666666667,4.4,3.99666666666667,4.24,7.11,6.21333333333333,5.29,6.14333333333333,4.87333333333333,1.69,1.88666666666667,3.90666666666667,2.98666666666667
655,4.655,3.7125,7.9125,5.975,6.5325,5.23,4.385,3.935,4.1675,7.0725,6.195,5.245,5.8975,4.7675,1.6325,1.85,3.8125,2.9
660,4.525,3.6025,7.6775,5.785,6.3375,5.1575,4.3625,3.8675,4.075,7.0275,6.19,5.1775,5.5075,4.5525,1.5575,1.7975,3.685,2.79
665,4.35,3.47666666666667,7.39,5.54333333333333,6.08,5.05666666666667,4.32666666666667,3.78,3.95666666666667,6.94666666666667,6.14333333333333,5.08,5.04,4.38666666666667,1.47,1.73666666666667,3.54333333333333,2.65333333333333
670,4.1725,3.3875,7.135,5.375,5.8625,4.9875,4.3125,3.6775,3.8575,6.885,6.1125,4.9975,4.675,4.3125,1.3875,1.695,3.4075,2.5475
675,4.12,3.36,7.0175,5.325,5.6775,4.9325,4.2475,3.6425,3.8075,6.85,6.065,5.015,4.36,4.295,1.3375,1.6725,3.395,2.53
680,4.205,3.395,7.07,5.3775,5.7975,5.035,4.3125,3.6775,3.8525,6.9525,6.22,5.0475,4.445,4.4025,1.3475,1.7,3.48,2.565
685,4.49666666666667,3.54,7.49,5.66,6.24333333333333,5.25333333333333,4.51333333333333,3.83666666666667,4.02666666666667,7.16333333333333,6.44333333333333,5.17333333333333,5.02333333333333,4.14666666666667,1.51,1.8,3.63,2.68
690,5.0025,4,8.2875,6.36,6.8425,5.5975,4.66,4.0525,4.41,7.4625,6.705,5.5525,6.445,4.85,1.82,2.0725,4.17,3.09
695,5.995,4.84,9.7125,7.595,8.01,6.25,4.9675,4.515,5.145,8.01,7.1725,6.2125,8.9225,6.3825,2.4125,2.6275,5.235,3.9575
700,7.2,5.84666666666667,11.35,8.98666666666667,9.39666666666667,7.00333333333333,5.34666666666667,5.06333333333333,6.01333333333333,8.62666666666667,7.69666666666667,6.98666666666667,11.69,7.82,3.11666666666667,3.34333333333333,6.58,5.07333333333333
705,8.5925,6.995,13.12,10.5175,10.9775,7.8575,5.7775,5.685,6.98,9.2925,8.2925,7.8575,14.5725,9.25,3.9125,4.2425,8.1825,6.4625
710,10.185,8.3225,15.0275,12.1775,12.74,8.8075,6.24,6.3725,8.0475,9.995,8.9225,8.8275,17.645,10.8825,4.805,5.375,10.1075,8.155
715,11.675,9.5775,16.67,13.6725,14.2875,9.69,6.655,6.97,9.0025,10.5975,9.45,9.695,20.4675,12.6025,5.675,6.59,12.07,9.885
720,13.0633333333333,10.72,18.1533333333333,15.0966666666667,15.97,10.5233333333333,7.04333333333333,7.59666666666667,9.79666666666667,11.1466666666667,10.03,10.4766666666667,22.7033333333333,13.9866666666667,6.49,7.89666666666667,13.99,11.7466666666667
725,14.485,11.8775,19.72,16.5425,17.5575,11.4075,7.4525,8.1775,10.6575,11.6925,10.555,11.305,25.2075,15.34,7.34,9.2475,15.9125,13.57
730,15.93,13.085,21.2375,17.985,19.2875,12.2825,7.8575,8.825,11.52,12.2575,11.1375,12.165,27.58,16.775,8.27,10.7975,17.975,15.59
735,17.17,14.1275,22.5875,19.2025,20.7,13.05,8.2125,9.3725,12.31,12.74,11.6375,12.935,29.695,17.94,9.115,12.135,19.6675,16.7825
740,18.05,14.895,23.4175,19.975,21.6025,13.5375,8.455,9.7525,12.9025,13.0975,11.9825,13.5025,31.215,18.9225,9.7625,13.185,20.96,16.355
745,18.63,15.3966666666667,23.9766666666667,20.5133333333333,22.2166666666667,13.8933333333333,8.63666666666667,10.02,13.32,13.34,12.2433333333333,13.9066666666667,32.22,19.55,10.21,13.8966666666667,21.8,15.9733333333333
750,19.03,15.745,24.2975,20.8525,22.5975,14.1225,8.765,10.205,13.6,13.525,12.435,14.185,32.9225,20.025,10.52,14.42,22.4075,16.2525
755,19.35,16.0125,24.56,21.18,22.9325,14.3275,8.9025,10.3775,13.835,13.6725,12.6125,14.4275,33.465,20.365,10.785,14.835,22.845,16.65
760,19.53,16.19,24.1725,20.8675,22.4525,14.195,8.8275,10.265,13.9375,13.76,12.575,14.4975,34.13,21.18,10.935,15.1675,23.3625,20.0875
765,19.635,16.29,24.64,21.545,23.395,14.55,9.045,10.6125,13.975,13.94,13.03,14.7375,33.64,20.755,11.015,15.4775,23.5075,21.0225
770,19.8225,16.4,24.8775,21.73,23.43,14.695,9.18,10.7075,14.22,13.985,13.06,14.915,34.245,20.805,11.105,15.52,23.575,19.7875
775,19.89,16.4866666666667,24.7366666666667,21.6133333333333,23.2766666666667,14.6466666666667,9.19666666666667,10.71,14.3233333333333,14.04,13.0833333333333,14.9866666666667,34.4666666666667,21.07,11.2,15.6233333333333,23.71,19.05
780,19.9675,16.5575,24.7175,21.6375,23.28,14.6825,9.2475,10.76,14.4175,14.11,13.165,15.0775,34.595,21.1975,11.2625,15.725,23.8175,19.6525
785,20.035,16.62,24.685,21.6825,23.2675,14.7325,9.3025,10.8,14.4875,14.17,13.245,15.1625,34.7525,21.335,11.3125,15.825,23.93,20.665
790,20.1,16.6625,24.5975,21.6875,23.2225,14.745,9.3375,10.825,14.52,14.2175,13.31,15.215,34.87,21.4975,11.35,15.9525,24.0775,21.2675
795,20.16,16.7225,24.635,21.7875,23.3,14.83,9.4125,10.895,14.605,14.2875,13.42,15.3175,34.9925,21.5725,11.4025,16.0525,24.185,21.3825
800,20.2325,16.78,24.6225,21.8475,23.3025,14.88,9.465,10.9325,14.6625,14.3375,13.4975,15.3825,35.1225,21.705,11.4525,16.1625,24.315,21.475
805,20.3,16.85,24.6625,21.945,23.3625,14.9475,9.5175,10.9925,14.7275,14.4,13.59,15.465,35.225,21.7875,11.5025,16.2675,24.4275,21.57
810,20.375,16.92,24.645,21.9975,23.3175,15.0125,9.565,11.0125,14.795,14.435,13.6375,15.5225,35.45,21.97,11.5725,16.345,24.545,21.6375
815,20.385,16.95,24.405,21.865,23.1225,14.9375,9.535,10.9625,14.74,14.44,13.63,15.4825,35.5725,22.315,11.62,16.515,24.775,21.75
820,20.425,16.9875,24.6225,22.185,23.4725,15.125,9.645,11.1025,14.7825,14.5075,13.815,15.585,35.495,22.1725,11.66,16.5925,24.835,21.95
825,20.5275,17.06,24.7175,22.305,23.55,15.2025,9.6975,11.145,14.86,14.5625,13.89,15.6775,35.6425,22.2375,11.6775,16.68,24.9375,21.985
830,20.5875,17.1325,24.7075,22.31,23.5125,15.2275,9.7275,11.1625,14.9375,14.6125,13.9425,15.7425,35.805,22.3525,11.7175,16.74,25.04,22.0025
835,20.6625,17.205,24.8075,22.43,23.6425,15.305,9.775,11.23,15.02,14.6725,14.035,15.85,35.865,22.3675,11.77,16.7925,25.0975,22.0375
840,20.75,17.29,24.8825,22.49,23.6925,15.3675,9.8325,11.2725,15.1425,14.74,14.0975,15.9525,36.02,22.4525,11.825,16.8675,25.1925,22.045
845,20.8325,17.37,24.9325,22.535,23.725,15.415,9.8625,11.3075,15.2325,14.7875,14.14,16.0225,36.1775,22.5425,11.89,16.91,25.2625,22.0625
850,20.9125,17.45,24.9525,22.5675,23.72,15.46,9.8875,11.3175,15.3025,14.8275,14.17,16.09,36.3475,22.6925,11.9425,16.9925,25.345,22.0975
855,20.9675,17.505,24.945,22.6075,23.7675,15.48,9.91,11.355,15.35,14.875,14.24,16.1375,36.4225,22.77,11.9825,17.07,25.4675,22.1575
860,21.0475,17.5775,25.0725,22.76,23.885,15.5825,9.965,11.4,15.41,14.8975,14.2925,16.205,36.5175,22.7925,12.0275,17.135,25.5125,22.225
865,21.1125,17.635,25.045,22.7525,23.8475,15.5925,9.98,11.4025,15.47,14.9425,14.3125,16.2475,36.6825,22.945,12.0825,17.21,25.6325,22.27
870,21.145,17.685,25.105,22.88,23.94,15.66,10.0175,11.45,15.51,14.975,14.395,16.3025,36.725,22.96,12.1225,17.29,25.7025,22.3325
875,21.2075,17.73,25.135,22.9225,23.9425,15.69,10.045,11.46,15.5375,14.99,14.42,16.3375,36.855,23.075,12.165,17.3475,25.8,22.39
880,21.24,17.778,25.12,22.99,23.962,15.732,10.076,11.488,15.572,15.036,14.484,16.384,36.978,23.148,12.206,17.438,25.898,22.44
885,21.29,17.8325,25.1275,23.055,23.975,15.77,10.1,11.5075,15.6,15.05,14.5375,16.43,37.02,23.205,12.2375,17.4775,25.9475,22.4775
890,21.3125,17.865,25.1375,23.1225,23.9925,15.8075,10.145,11.53,15.6325,15.0825,14.5675,16.4575,37.1525,23.275,12.2875,17.555,26.0325,22.54
895,21.2725,17.85,24.8925,22.945,23.705,15.73,10.095,11.4375,15.5625,15.025,14.495,16.375,37.335,23.5575,12.335,17.63,26.1625,22.5975
900,21.2275,17.8175,24.7325,22.915,23.7175,15.69,10.06,11.43,15.455,15.025,14.54,16.3325,37.2,23.6725,12.3225,17.77,26.365,22.7825
905,21.28,17.876,25.09,23.344,24.054,15.932,10.22,11.568,15.54,15.08,14.682,16.418,37.168,23.408,12.364,17.758,26.266,22.864
910,21.2625,17.855,24.805,23.135,23.8225,15.82,10.14,11.4775,15.495,15.0425,14.6275,16.395,37.3075,23.7325,12.41,17.885,26.5125,22.94
915,21.2925,17.9,24.87,23.2675,23.875,15.8775,10.125,11.4775,15.4575,15.1,14.67,16.405,37.235,23.6625,12.375,17.955,26.6375,23
920,21.325,17.9575,25.1375,23.5925,24.2325,16.05,10.2975,11.6325,15.56,15.125,14.835,16.4925,37.0825,23.445,12.3975,17.925,26.5,23.0025
925,21.322,17.954,24.948,23.44,23.916,15.984,10.26,11.54,15.552,15.104,14.712,16.476,37.462,23.772,12.492,17.95,26.602,23.012
930,21.0825,17.865,24.1825,22.6025,22.88,15.5,9.925,11.115,15.315,14.885,14.3075,16.1725,37.6625,24.48,12.5575,18.0175,26.8325,22.93
935,20.805,17.57,23.8575,22.2375,22.95,15.3625,9.6725,11.0125,15.0625,14.6975,14.21,15.935,36.2675,24.3775,12.3775,17.8175,26.615,22.88
940,20.602,17.488,24.588,23.184,23.706,15.648,10.176,11.324,15.034,14.856,14.466,15.956,36.436,23.552,12.41,17.886,26.63,23.328
945,20.4825,17.3375,24.0575,22.7325,23.075,15.55,9.8525,11.08,15.15,14.7425,14.36,15.985,36.545,24.155,12.4075,17.91,26.9525,23.2775
950,20.5475,17.52,24.3675,22.97,23.4525,15.67,10,11.115,14.8975,14.8575,14.4325,15.86,36.2,23.705,12.3025,17.7125,26.6875,23.09
955,20.115,17.2625,23.925,22.7675,23.08,15.53,9.8925,11.1375,14.8475,14.7275,14.4475,15.955,35.9525,23.405,12.07,17.5475,26.5225,22.8325
960,20.174,17.246,24.164,22.77,23.276,15.562,9.992,11.148,14.812,14.782,14.442,15.966,35.56,23.102,11.952,17.142,26.276,22.368
965,20.1375,17.28,24.1,22.7875,23.1575,15.5675,9.94,11.1125,14.755,14.795,14.5,15.945,35.3425,22.715,11.805,16.95,26.07,22.04
970,20.1925,17.315,24.2175,22.84,23.2475,15.545,10.1425,11.27,14.9575,14.8475,14.5575,16.12,35.17,22.4975,11.7775,16.6975,25.7225,21.715
975,20.1975,17.465,23.93,22.53,22.805,15.4425,10.05,11.0925,14.985,14.9075,14.4575,16.1325,35.72,22.9475,11.81,16.8925,26.0675,21.66
980,20.158,17.322,23.92,22.484,22.882,15.43,10.062,11.176,14.99,14.888,14.562,16.184,35.512,22.95,11.848,16.892,25.954,21.748
985,20.135,17.4175,23.9725,22.58,22.9425,15.47,10.08,11.1875,15.12,14.99,14.62,16.2475,35.55,22.85,11.87,16.9475,26.0375,21.5725
990,20.355,17.49,24.18,22.725,23.04,15.595,10.075,11.185,15.14,14.925,14.615,16.205,35.805,22.94,11.92,17.025,26.105,21.68
995,20.48,17.605,24.175,22.795,23.08,15.605,10.145,11.295,15.285,15.045,14.7,16.32,35.9,22.995,11.885,16.97,26.055,21.53
1000,20.65,17.74,24.27,22.95,23.15,15.69,10.22,11.36,15.45,15.12,14.8,16.44,36.16,23.15,11.88,17.12,26.14,21.52
1005,20.76,17.82,24.31,23.02,23.29,15.78,10.25,11.41,15.52,15.16,14.85,16.51,36.3,23.27,11.93,17.24,26.22,21.64
1010,20.915,17.945,24.47,23.185,23.52,15.94,10.315,11.505,15.65,15.24,14.95,16.61,36.575,23.425,12.045,17.45,26.44,21.86
1015,21.1,18.09,24.64,23.38,23.68,16.08,10.4,11.59,15.81,15.32,15.06,16.73,36.84,23.6,12.13,17.65,26.58,22
1020,21.22,18.21,24.75,23.52,23.8,16.19,10.46,11.66,15.93,15.38,15.14,16.8,37.03,23.74,12.19,17.79,26.71,22.11
1025,21.39,18.355,24.855,23.67,23.91,16.325,10.515,11.72,16.06,15.46,15.225,16.915,37.31,23.925,12.26,17.955,26.86,22.235
1030,21.56,18.48,24.94,23.81,24.02,16.42,10.56,11.78,16.17,15.5,15.29,16.99,37.58,24.09,12.33,18.11,26.97,22.35
1035,21.66,18.54,24.98,23.87,24.09,16.46,10.59,11.83,16.22,15.53,15.31,17.03,37.75,24.18,12.36,18.21,27.05,22.44
1040,21.72,18.62,25.03,23.94,24.16,16.49,10.61,11.85,16.29,15.55,15.35,17.07,37.86,24.27,12.43,18.31,27.14,22.54
1045,21.835,18.71,25.11,24.065,24.265,16.605,10.66,11.915,16.365,15.615,15.425,17.15,38.075,24.43,12.515,18.46,27.25,22.7
1050,21.96,18.81,25.17,24.17,24.33,16.68,10.7,11.96,16.44,15.66,15.47,17.2,38.24,24.57,12.6,18.59,27.35,22.81
1055,22.03,18.87,25.21,24.22,24.37,16.72,10.72,11.98,16.48,15.69,15.5,17.24,38.33,24.66,12.63,18.66,27.4,22.88
1060,22.105,18.92,25.235,24.285,24.42,16.78,10.76,12.01,16.545,15.715,15.535,17.28,38.47,24.745,12.67,18.76,27.495,22.96
1065,22.15,18.97,25.24,24.32,24.44,16.81,10.78,12.03,16.57,15.73,15.56,17.32,38.56,24.83,12.71,18.84,27.55,23.05
1070,22.18,18.99,25.25,24.35,24.43,16.84,10.79,12.04,16.58,15.74,15.58,17.33,38.62,24.89,12.74,18.89,27.59,23.1
1075,22.215,19.045,25.235,24.37,24.45,16.87,10.805,12.045,16.605,15.745,15.585,17.34,38.685,24.955,12.75,18.93,27.595,23.115
1080,22.23,19.06,25.21,24.39,24.42,16.87,10.81,12.03,16.61,15.75,15.58,17.34,38.72,25.01,12.74,18.95,27.62,23.15
1085,22.22,19.06,25.18,24.36,24.39,16.88,10.81,12.02,16.6,15.75,15.58,17.35,38.7,25.03,12.72,18.96,27.63,23.12
1090,22.245,19.095,25.1,24.325,24.3,16.865,10.81,11.995,16.585,15.735,15.57,17.31,38.69,25.03,12.645,18.88,27.535,23.005
1095,22.25,19.08,25.01,24.29,24.23,16.82,10.8,11.95,16.53,15.69,15.52,17.26,38.62,25.04,12.51,18.81,27.45,22.89
1100,22.22,19.04,24.91,24.25,24.15,16.8,10.79,11.92,16.47,15.67,15.5,17.19,38.55,25.04,12.48,18.79,27.44,22.88
1105,22.17,19.03,24.82,24.18,24.07,16.8,10.77,11.88,16.41,15.65,15.45,17.14,38.48,25.03,12.43,18.73,27.39,22.81
1110,22.24,19.07,24.56,24.015,23.725,16.66,10.715,11.72,16.37,15.57,15.275,17,38.29,24.85,12.045,18.33,26.905,22.17
1115,22.21,18.89,23.97,23.48,23.13,16.19,10.59,11.47,16.17,15.34,14.96,16.65,37.61,24.49,11.35,17.7,26.14,21.18
1120,21.69,18.57,23.35,22.79,22.79,15.81,10.38,11.27,15.85,15.21,14.76,16.39,36.65,24.25,11.16,17.53,25.9,21.12
1125,20.79,18,23.29,22.67,22.92,15.795,10.165,11.18,15.475,15.085,14.82,16.36,35.71,24.29,11.725,17.92,26.97,22.295
1130,20.29,17.61,23.73,22.9,23.38,16.09,10.34,11.31,15.46,15.24,15.13,16.48,36,24.59,12.37,18.44,28,23.56
1135,20.42,17.77,23.84,23.01,23.23,16.17,10.39,11.26,15.5,15.24,15.07,16.5,35.9,24.25,12.18,18.16,27.61,22.85
1140,20.18,17.705,23.545,22.65,22.775,16.02,10.335,11.135,15.36,15.21,14.91,16.355,35.585,23.58,11.68,17.39,26.805,21.855
1145,19.55,17.13,22.91,21.97,22.18,15.55,10.13,10.91,14.91,14.99,14.66,16.06,34.36,22.69,11.13,16.59,26.04,20.91
1150,18.86,16.71,22.65,21.62,22.14,15.5,10.06,10.87,14.65,14.95,14.71,15.96,33.49,22.32,11.3,16.49,26.18,21.08
1155,18.52,16.52,22.64,21.37,21.96,15.395,10.02,10.75,14.51,14.935,14.695,15.935,32.975,21.575,11.09,15.975,25.795,20.45
1160,18.47,16.54,22.53,21.21,21.66,15.32,10.02,10.65,14.49,14.94,14.66,15.89,32.76,20.95,10.76,15.48,25.09,19.52
1165,18.49,16.6,22.45,21.1,21.46,15.26,9.98,10.62,14.5,14.91,14.59,15.86,32.58,20.59,10.52,15.17,24.66,18.96
1170,18.51,16.645,22.385,21.03,21.33,15.245,9.99,10.6,14.51,14.905,14.565,15.875,32.505,20.315,10.35,14.925,24.33,18.56
1175,18.57,16.69,22.34,20.98,21.24,15.24,10.01,10.58,14.55,14.93,14.55,15.88,32.49,20.19,10.22,14.78,24.07,18.28
1180,18.59,16.68,22.28,20.94,21.16,15.21,10.01,10.56,14.56,14.91,14.54,15.86,32.4,20.08,10.15,14.72,23.97,18.16
1185,18.495,16.645,22.26,20.895,21.22,15.195,10.02,10.59,14.545,14.945,14.58,15.88,32.33,20.06,10.185,14.785,24.035,18.24
1190,18.48,16.65,22.27,20.88,21.2,15.22,10.01,10.58,14.55,14.97,14.62,15.92,32.28,19.99,10.18,14.74,24.01,18.18
1195,18.52,16.7,22.27,20.88,21.15,15.22,10.02,10.58,14.57,14.97,14.61,15.93,32.28,19.95,10.13,14.7,23.92,18.06
1200,18.565,16.725,22.28,20.92,21.195,15.25,10.03,10.615,14.615,15.015,14.655,15.955,32.335,20.015,10.18,14.77,23.98,18.15
1205,18.65,16.79,22.33,21.01,21.26,15.31,10.07,10.64,14.68,15.05,14.7,16.03,32.46,20.18,10.25,14.87,24.06,18.27
1210,18.74,16.84,22.4,21.1,21.32,15.37,10.12,10.67,14.74,15.1,14.74,16.09,32.6,20.31,10.31,14.96,24.16,18.4
1215,18.895,16.995,22.51,21.25,21.43,15.465,10.155,10.735,14.845,15.17,14.815,16.185,32.84,20.575,10.41,15.115,24.28,18.595
1220,19.07,17.15,22.62,21.38,21.54,15.54,10.19,10.8,14.97,15.24,14.89,16.27,33.05,20.85,10.51,15.25,24.4,18.75
1225,19.2,17.26,22.71,21.51,21.65,15.62,10.24,10.85,15.06,15.28,14.95,16.34,33.25,21.02,10.59,15.38,24.52,18.89
1230,19.355,17.4,22.875,21.685,21.82,15.73,10.32,10.935,15.185,15.365,15.045,16.46,33.505,21.265,10.72,15.555,24.655,19.085
1235,19.54,17.56,22.98,21.82,21.93,15.83,10.37,10.99,15.31,15.44,15.11,16.56,33.78,21.49,10.81,15.69,24.76,19.21
1240,19.66,17.65,23.06,21.92,21.99,15.9,10.41,11.02,15.38,15.48,15.15,16.62,33.93,21.64,10.86,15.78,24.83,19.32
1245,19.75,17.71,23.11,21.99,22.05,15.93,10.44,11.07,15.45,15.52,15.19,16.66,34.07,21.77,10.91,15.87,24.89,19.42
1250,19.855,17.825,23.17,22.095,22.11,16.01,10.475,11.105,15.515,15.56,15.235,16.735,34.23,21.925,10.955,15.975,24.96,19.51
1255,19.99,17.92,23.21,22.18,22.16,16.1,10.51,11.12,15.59,15.61,15.28,16.78,34.37,22.08,10.98,16.07,25,19.57
1260,20.085,18.02,23.25,22.27,22.205,16.155,10.55,11.15,15.645,15.655,15.345,16.84,34.54,22.255,11.015,16.19,25.11,19.695
1265,20.11,18.04,23.32,22.34,22.34,16.2,10.56,11.21,15.68,15.72,15.42,16.91,34.62,22.43,11.15,16.39,25.35,19.97
1270,20.1,18.04,23.37,22.38,22.41,16.24,10.56,11.24,15.7,15.75,15.47,16.96,34.64,22.49,11.23,16.48,25.49,20.1
1275,20.11,18.075,23.4,22.4,22.39,16.28,10.595,11.235,15.735,15.76,15.475,16.97,34.68,22.485,11.225,16.44,25.455,20.055
1280,20.11,18.07,23.38,22.39,22.33,16.27,10.61,11.21,15.75,15.76,15.47,16.96,34.64,22.45,11.17,16.36,25.36,19.94
1285,20.08,18.07,23.33,22.34,22.29,16.25,10.6,11.19,15.73,15.74,15.44,16.93,34.58,22.42,11.14,16.3,25.28,19.86
1290,20.01,18.015,23.22,22.24,22.135,16.205,10.59,11.13,15.66,15.715,15.39,16.875,34.39,22.305,11.015,16.155,25.09,19.66
1295,19.88,17.94,23.07,22.1,21.96,16.14,10.56,11.05,15.56,15.66,15.33,16.8,34.11,22.16,10.89,15.96,24.87,19.42
1300,19.76,17.85,22.94,21.96,21.83,16.07,10.54,10.99,15.47,15.62,15.27,16.72,33.86,22.03,10.79,15.82,24.7,19.25
1305,19.53,17.67,22.705,21.735,21.59,15.955,10.475,10.88,15.32,15.545,15.18,16.59,33.44,21.8,10.605,15.535,24.415,18.96
1310,19.18,17.41,22.4,21.39,21.28,15.78,10.38,10.73,15.11,15.43,15.05,16.41,32.83,21.47,10.4,15.22,24.08,18.61
1315,18.9,17.2,22.22,21.16,21.06,15.65,10.32,10.62,14.93,15.35,14.95,16.27,32.42,21.24,10.25,14.96,23.84,18.4
1320,18.495,16.895,21.78,20.705,20.57,15.4,10.165,10.39,14.645,15.17,14.74,16.025,31.535,20.71,9.925,14.44,23.21,17.765
1325,18.09,16.56,21.33,20.27,20.08,15.14,10.06,10.15,14.34,14.98,14.47,15.71,30.79,20.31,9.54,13.96,22.63,17.15
1330,17.67,16.2,20.97,19.87,19.74,14.9,9.96,10,14.08,14.83,14.3,15.49,30.14,19.96,9.37,13.65,22.26,16.9
1335,17.04,15.79,20.52,19.285,19.3,14.565,9.77,9.765,13.705,14.66,14.095,15.18,28.995,19.38,9.1,13.165,21.745,16.495
1340,16.79,15.6,20.19,19.03,18.72,14.44,9.63,9.49,13.54,14.37,13.85,14.87,28.31,18.96,8.69,12.57,20.87,15.54
1345,16.86,15.47,19.71,18.6,18.2,14.19,9.68,9.31,13.41,14.24,13.5,14.65,28.03,18.85,8.44,12.33,20.18,15.06
1350,16.59,15.225,18.875,17.725,17.565,13.395,9.185,9.245,12.98,13.86,13.305,14.17,26.96,18.725,8.385,12.18,19.435,14.96
1355,16.45,14.91,17.99,16.45,17.22,12.6,8.33,9.17,12.29,13.54,12.92,13.54,25.47,17.92,8.25,11.79,19.1,14.62
1360,15.77,14.83,17.98,16.09,16.72,12.62,8.48,8.74,12.34,13.37,12.34,13.37,25.15,17.54,8.19,11.7,19.01,14.04
1365,15.365,13.78,17.67,16.255,16.785,12.375,8.37,8.215,11.975,12.98,12.27,12.985,24.88,16.8,7.9,11.53,18.785,13.845
1370,15.65,13.74,17.94,15.65,16.41,11.45,7.76,9.01,12.11,13.04,12.73,13.04,24.47,16.67,7.45,11.35,18.79,13.83
1375,14.84,13.67,17.97,15.63,16.8,11.72,7.67,8.63,11.82,13.42,12.78,13.1,24.55,16.61,7.94,11.19,18.41,13.72
1380,15.525,14.115,17.335,15.12,15.925,12.095,8.25,8.585,11.88,12.875,12.375,12.71,24.2,16.695,7.695,10.88,18.39,13.32
1385,15.06,13.81,17.57,15.48,16.32,11.3,7.56,8.59,11.68,13.06,12.03,12.71,24.41,16.14,8.27,11.02,18.5,14.17
1390,15.02,13.73,17.17,15.88,15.88,11.59,8.07,8.77,11.58,12.63,12.28,12.98,24.5,16.47,7.63,11.24,18.47,13.65
1395,14.635,13.97,17.29,15.745,16.19,11.75,7.955,8.135,11.755,13.02,12.475,12.655,24.33,16.495,8.045,10.725,18.35,13.81
1400,14.48,13.12,17.65,14.93,16.29,12.22,7.84,8.21,11.57,13.81,12.31,12.31,23.93,16.24,7.69,10.68,17.95,13.25
1405,14.645,13.27,17.16,14.875,16.02,11.44,7.98,8.535,11.315,12.245,12.06,12.615,23.605,15.88,7.725,10.945,18.24,13.52
1410,14.61,13.24,16.89,15.07,15.53,10.96,7.78,8.15,11.11,12.22,12.22,12.96,23.28,15.52,7.33,10.78,18.1,13.36
1415,13.57,12.67,16.74,14.93,15.38,10.41,7.61,7.61,11.23,12.68,11.96,11.96,22.32,15.45,7.3,10.3,17.6,12.45
1420,12.42,11.475,15.405,13.425,14.215,11.26,6.975,7,10.09,11.935,11.195,11.195,21.15,14.805,6.935,9.47,16.2,12.055
1425,11.67,10.33,14,12,13,9.67,6.46,6.46,9.56,11.11,10.08,9.82,18.9,13.06,6.53,8.59,14.78,11.34
1430,10.73,10.09,13.56,11.36,11.99,9.78,6.55,6.55,8.74,11.17,9.95,10.19,17.92,12.05,5.86,8.14,14.66,10.1
1435,10.725,9.935,12.705,10.985,11.795,9.925,6.655,5.8,8.545,11.3,9.96,9.855,17.925,11.885,5.53,8.475,14.505,9.945
1440,9.45,8.46,12.44,10.2,10.7,8.71,6.24,5.48,7.75,10.4,9.64,8.88,14.97,10.7,4.81,7.49,12.83,8.82
1445,8.3,7.92,11.39,9.27,9.27,8.69,5.64,5.06,7.08,9.83,8.96,8.24,13.43,9.59,4.26,6.4,11.3,8.32
1450,6.79,6.505,9.525,8.02,8.395,7.505,5.295,4.64,6.21,9.135,8.3,7.555,10.69,7.335,3.495,5.095,9.435,6.2
1455,5.99,5.75,8.86,7.47,7.62,7.08,5.12,4.3,5.77,8.83,7.95,7.06,9.1,6.74,2.86,4.21,8.09,5.14
1460,6.02,5.95,8.84,7.39,7.47,7.16,5.16,4.23,5.74,8.69,7.82,7.07,8.98,6.68,2.78,4.29,7.79,5.01
1465,6.355,6.27,9.145,7.65,7.82,7.3,5.305,4.32,5.925,8.87,7.95,7.265,9.44,6.99,2.98,4.455,8.06,5.435
1470,6.56,6.3,9.49,7.94,8.11,7.42,5.4,4.48,5.99,9.09,8.17,7.38,9.89,7.17,3.09,4.63,8.35,5.54
1475,6.495,6.215,9.375,7.81,8.125,7.535,5.34,4.515,6.06,9.095,8.185,7.355,9.605,7,3.06,4.49,8.28,5.525
1480,6.19,6.13,9.33,7.73,8.14,7.47,5.27,4.51,5.98,9.11,8.28,7.33,9.43,6.66,3,4.33,8.1,5.44
1485,6.05,5.98,9.21,7.55,7.93,7.25,5.28,4.43,5.89,9.04,8.26,7.29,9.03,6.37,2.71,4.14,7.92,5.13
1490,5.965,5.89,9.16,7.46,7.915,7.245,5.355,4.395,5.82,9.075,8.31,7.26,8.785,6.125,2.745,3.945,7.655,4.845
1495,6.03,6.04,9.25,7.55,7.85,7.36,5.37,4.4,5.84,9.13,8.32,7.44,8.83,6.18,2.61,3.84,7.53,4.7
1500,6.15,6.11,9.4,7.62,7.99,7.36,5.39,4.46,5.94,9.18,8.38,7.52,8.96,6.32,2.66,3.87,7.56,4.75
1505,6.33,6.32,9.66,7.845,8.2,7.49,5.505,4.58,6.13,9.32,8.52,7.715,9.29,6.52,2.735,3.985,7.74,4.875
1510,6.55,6.53,9.94,8.08,8.43,7.66,5.62,4.71,6.29,9.46,8.66,7.91,9.67,6.74,2.83,4.1,7.94,5.05
1515,6.71,6.69,10.14,8.25,8.62,7.76,5.69,4.79,6.41,9.56,8.76,8.04,9.94,6.89,2.92,4.19,8.1,5.17
1520,6.93,6.93,10.44,8.51,8.905,7.93,5.8,4.91,6.59,9.72,8.925,8.255,10.375,7.135,3.035,4.35,8.385,5.37
1525,7.17,7.17,10.75,8.76,9.18,8.11,5.91,5.05,6.8,9.87,9.09,8.47,10.82,7.38,3.17,4.5,8.66,5.58
1530,7.43,7.405,11.055,9.025,9.465,8.265,6.02,5.17,6.975,10.02,9.23,8.675,11.24,7.635,3.28,4.66,8.94,5.795
1535,7.66,7.64,11.33,9.3,9.72,8.42,6.12,5.31,7.16,10.16,9.36,8.87,11.66,7.9,3.41,4.83,9.21,6.01
1540,7.82,7.8,11.54,9.47,9.93,8.54,6.19,5.39,7.28,10.25,9.47,8.99,11.96,8.04,3.49,4.93,9.39,6.16
1545,8.065,8.045,11.85,9.715,10.225,8.72,6.3,5.505,7.455,10.4,9.615,9.175,12.38,8.31,3.62,5.13,9.675,6.41
1550,8.3,8.26,12.1,9.97,10.46,8.86,6.4,5.64,7.62,10.52,9.73,9.37,12.84,8.57,3.77,5.28,9.96,6.63
1555,8.46,8.4,12.27,10.12,10.63,8.97,6.47,5.71,7.73,10.59,9.83,9.5,13.12,8.75,3.85,5.39,10.14,6.79
1560,8.69,8.62,12.52,10.37,10.87,9.115,6.555,5.815,7.895,10.71,9.945,9.665,13.505,8.99,3.97,5.555,10.4,7.01
1565,8.92,8.84,12.77,10.6,11.1,9.28,6.64,5.93,8.05,10.82,10.06,9.83,13.9,9.24,4.1,5.71,10.66,7.22
1570,9.125,9.015,13.01,10.835,11.35,9.425,6.725,6.025,8.21,10.945,10.2,9.99,14.285,9.475,4.235,5.88,10.935,7.465
1575,9.32,9.2,13.23,11.04,11.61,9.57,6.82,6.14,8.35,11.07,10.32,10.15,14.64,9.67,4.36,6.06,11.23,7.71
1580,9.46,9.34,13.4,11.19,11.76,9.65,6.86,6.21,8.45,11.13,10.4,10.26,14.88,9.79,4.44,6.15,11.41,7.84
1585,9.655,9.52,13.62,11.405,11.975,9.8,6.95,6.3,8.585,11.235,10.505,10.4,15.24,9.995,4.545,6.295,11.65,8.025
1590,9.85,9.71,13.83,11.61,12.18,9.94,7.03,6.39,8.73,11.35,10.61,10.56,15.61,10.22,4.65,6.45,11.88,8.22
1595,10,9.84,13.97,11.74,12.31,10.02,7.09,6.46,8.83,11.42,10.7,10.66,15.84,10.36,4.73,6.55,12.05,8.36
1600,10.215,10.035,14.195,11.96,12.525,10.17,7.155,6.565,8.99,11.53,10.815,10.82,16.185,10.565,4.855,6.725,12.29,8.57
1605,10.4,10.22,14.41,12.17,12.76,10.3,7.24,6.67,9.13,11.66,10.94,10.98,16.52,10.78,4.99,6.9,12.58,8.79
1610,10.58,10.4,14.615,12.355,12.98,10.45,7.335,6.765,9.275,11.78,11.075,11.145,16.855,10.96,5.1,7.055,12.845,9.01
1615,10.77,10.56,14.81,12.54,13.16,10.58,7.41,6.85,9.43,11.89,11.19,11.28,17.19,11.14,5.2,7.21,13.08,9.18
1620,10.87,10.67,14.92,12.67,13.28,10.65,7.45,6.89,9.5,11.94,11.24,11.36,17.39,11.26,5.27,7.3,13.23,9.3
1625,11.04,10.825,15.1,12.83,13.435,10.745,7.52,6.98,9.625,12.03,11.335,11.49,17.69,11.415,5.375,7.425,13.41,9.455
1630,11.2,10.98,15.27,12.98,13.58,10.87,7.58,7.04,9.73,12.11,11.42,11.61,17.96,11.57,5.47,7.56,13.57,9.6
1635,11.32,11.08,15.37,13.08,13.71,10.95,7.61,7.08,9.81,12.16,11.49,11.67,18.14,11.69,5.54,7.64,13.7,9.71
1640,11.475,11.225,15.55,13.24,13.885,11.065,7.675,7.155,9.89,12.24,11.565,11.77,18.405,11.825,5.645,7.77,13.915,9.875
1645,11.62,11.35,15.72,13.41,14.06,11.19,7.72,7.21,9.98,12.32,11.64,11.86,18.67,11.98,5.73,7.89,14.12,10.02
1650,11.725,11.455,15.865,13.53,14.175,11.285,7.765,7.24,10.045,12.385,11.695,11.92,18.88,12.1,5.805,7.995,14.3,10.15
1655,11.81,11.5,15.95,13.59,14.25,11.35,7.77,7.27,10.07,12.41,11.73,11.94,19.03,12.14,5.85,8.05,14.39,10.22
1660,11.84,11.53,15.98,13.63,14.27,11.36,7.79,7.27,10.07,12.4,11.72,11.96,19.09,12.14,5.86,8.09,14.42,10.21
1665,11.79,11.505,15.94,13.6,14.235,11.34,7.755,7.24,10.05,12.375,11.695,11.925,19.06,12.065,5.87,8.08,14.41,10.2
1670,11.76,11.45,15.9,13.54,14.2,11.29,7.73,7.23,10.01,12.35,11.65,11.89,18.97,11.92,5.83,8.04,14.36,10.15
1675,11.71,11.42,15.845,13.46,14.13,11.24,7.71,7.205,9.975,12.315,11.62,11.86,18.875,11.75,5.805,7.985,14.26,10.065
1680,11.63,11.34,15.76,13.34,14.03,11.17,7.68,7.17,9.92,12.26,11.58,11.81,18.73,11.51,5.76,7.93,14.13,9.94
1685,11.56,11.28,15.69,13.27,13.97,11.14,7.65,7.14,9.88,12.23,11.54,11.75,18.63,11.32,5.72,7.87,14.07,9.86
1690,11.43,11.17,15.585,13.15,13.845,11.07,7.61,7.085,9.8,12.175,11.475,11.695,18.435,11.005,5.66,7.78,13.925,9.685
1695,11.31,11.03,15.46,13.01,13.74,10.99,7.56,7.02,9.74,12.11,11.43,11.62,18.25,10.64,5.6,7.69,13.78,9.53
1700,11.24,10.99,15.4,12.95,13.64,10.94,7.51,6.99,9.68,12.06,11.38,11.57,18.13,10.47,5.55,7.63,13.72,9.43
1705,11.095,10.875,15.255,12.82,13.515,10.855,7.475,6.945,9.585,12.02,11.315,11.465,17.955,10.21,5.49,7.55,13.575,9.27
1710,10.92,10.7,15.09,12.66,13.35,10.75,7.42,6.87,9.48,11.95,11.25,11.35,17.69,9.96,5.43,7.44,13.41,9.1
1715,10.795,10.575,14.945,12.5,13.185,10.67,7.355,6.78,9.38,11.845,11.145,11.265,17.435,9.77,5.35,7.32,13.21,8.94
1720,10.66,10.46,14.79,12.39,13.05,10.57,7.29,6.72,9.28,11.77,11.08,11.15,17.22,9.63,5.28,7.22,13.04,8.8
1725,10.58,10.38,14.67,12.31,12.96,10.52,7.26,6.69,9.21,11.74,11.03,11.1,17.07,9.55,5.23,7.16,12.95,8.73
1730,10.49,10.3,14.565,12.205,12.84,10.455,7.235,6.645,9.17,11.68,10.98,11.055,16.865,9.49,5.18,7.09,12.8,8.635
1735,10.39,10.22,14.46,12.11,12.74,10.39,7.19,6.59,9.1,11.62,10.94,10.97,16.67,9.41,5.13,7.02,12.66,8.53
1740,10.26,10.1,14.28,11.95,12.625,10.305,7.15,6.52,8.995,11.56,10.885,10.895,16.43,9.285,5.045,6.92,12.53,8.405
1745,10.09,9.96,14.12,11.79,12.41,10.19,7.12,6.46,8.89,11.48,10.77,10.77,16.12,9.14,4.97,6.78,12.38,8.25
1750,9.98,9.85,13.98,11.66,12.3,10.12,7.05,6.41,8.84,11.42,10.73,10.71,15.95,9.04,4.91,6.71,12.22,8.15
1755,9.83,9.7,13.78,11.51,12.11,10.01,6.97,6.3,8.7,11.325,10.62,10.59,15.65,8.86,4.805,6.6,11.98,7.985
1760,9.68,9.58,13.6,11.34,11.88,9.91,6.93,6.21,8.6,11.23,10.51,10.47,15.36,8.74,4.76,6.49,11.76,7.8
1765,9.59,9.48,13.46,11.26,11.79,9.83,6.89,6.17,8.53,11.16,10.43,10.37,15.2,8.65,4.69,6.43,11.63,7.72
1770,9.515,9.42,13.32,11.155,11.64,9.76,6.855,6.115,8.445,11.06,10.335,10.31,14.985,8.62,4.66,6.37,11.5,7.65
1775,9.45,9.37,13.23,11.09,11.56,9.71,6.84,6.11,8.42,10.99,10.28,10.24,14.82,8.59,4.69,6.33,11.34,7.61
1780,9.385,9.29,13.095,10.985,11.525,9.67,6.765,6.085,8.35,10.94,10.245,10.165,14.745,8.595,4.705,6.395,11.355,7.605
1785,9.46,9.34,13.16,11.01,11.45,9.67,6.82,6.05,8.39,10.93,10.19,10.19,14.72,8.71,4.69,6.39,11.35,7.67
1790,9.55,9.45,13.2,11.15,11.45,9.7,6.78,6.03,8.44,10.92,10.13,10.17,14.75,8.77,4.69,6.5,11.38,7.68
1795,9.855,9.775,13.25,11.255,11.62,9.81,6.845,6.12,8.56,10.86,10.18,10.235,15.27,9.115,4.99,6.775,11.68,8.03
1800,10.26,10.14,13.52,11.39,11.89,9.89,6.84,6.25,8.89,11.04,10.25,10.35,15.73,9.65,5.13,7.39,12.16,8.46
1805,11.15,10.85,14.51,12.065,12.565,10.235,7.14,6.675,9.45,11.345,10.56,10.88,16.59,10.84,5.585,7.92,13.25,9.265
1810,12.04,11.42,14.81,12.96,13.27,10.8,7.56,7.32,9.76,11.46,10.98,11.22,18.37,11.66,6.12,8.75,14.29,9.91
1815,12.55,11.79,15.59,13.31,13.69,10.65,7.25,7.55,9.97,12.08,11.48,11.48,19.29,12.5,6.79,9.29,15,11.07
1820,13.28,12.57,16.3,14.19,14.165,11.63,7.3,7.655,10.85,11.97,11.405,11.795,20.53,13.775,6.98,9.835,16.155,11.8
1825,13.61,13.09,16.75,14.66,15.18,11.52,7.66,7.66,11.06,12.34,11.49,12.34,22.06,14.71,7.35,9.8,17.16,12.25
1830,13.82,13.255,17.185,14.915,15.225,10.695,7.54,7.785,11.225,12.13,11.675,12.58,21.425,14.35,7.57,10.18,17.245,12.28
1835,14.12,12.35,17.06,15.29,14.71,11.76,7.66,8.61,11.48,12.44,12.44,12.44,22.1,14.36,7.73,10.5,17.13,12.71
1840,13.95,12.79,18.02,13.95,15.7,12.21,7.18,8.13,11,12.92,11.96,12.92,22.95,15.3,7.65,10.38,18.03,12.57
1845,14.805,13.29,16.915,14.805,15.105,12.085,7.675,7.92,12.13,12.625,11.63,12.625,22.19,15.165,7.02,10.68,17.98,12.92
1850,14.38,13.13,17.5,15,15.63,11.25,7.61,7.61,11.68,13.2,11.68,12.18,21.39,15.03,7.51,10.98,17.92,12.72
1855,13.88,13.225,17.415,14.525,15.16,9.97,7.61,8.135,11.285,12.86,11.55,12.6,22.615,15.175,7.74,10.135,17.86,12.215
1860,14.29,13.64,16.88,14.29,14.94,11.69,6.95,8.02,11.76,13.37,12.3,12.3,22.42,15.15,7.27,10.91,18.18,12.73
1865,14,13.33,16.67,15.33,15.33,10.67,8.2,8.74,10.93,12.02,12.57,12.57,21.74,16.15,6.83,10.56,16.15,13.04
1870,14.58,13.225,17.29,16.275,15.595,11.185,7.735,8.01,11.875,12.71,12.43,12.155,22.955,15.1,7.545,10.695,18.24,12.58
1875,14.69,13.99,17.48,16.78,14.69,12.59,6.9,8.62,12.07,13.79,12.07,12.64,23.23,14.84,7.1,10.32,17.42,11.61
1880,14.53,14.185,16.955,14.875,15.57,12.11,7.385,7.67,11.93,13.64,12.215,12.5,21.97,14.65,7.64,10.83,18.15,13.055
1885,14.69,12.59,16.78,14.69,15.38,11.19,8,8.57,11.43,12.57,12,12.57,23.53,15.69,7.84,11.11,18.95,12.42
1890,14.08,13.38,16.9,15.49,14.79,10.56,8.09,8.67,11.56,12.72,12.72,12.14,23.03,15.79,7.89,11.18,18.42,12.5
1895,15.24,14.495,18.85,15.545,14.835,11.97,7.27,7.56,11.92,14.825,11.92,12.5,22.925,15.945,7.305,10.63,18.935,13.62
1900,13.385,9.355,16.02,8.47,10.085,7.01,7.96,6.345,8.12,8.42,11.5,9.45,19.035,11.955,8.05,10.79,20.925,12.64
1905,5.955,6.25,9.925,4.815,5.955,3.77,8.295,7.435,6.655,8.14,4.15,1.56,13.3,8.465,2.8,6.645,9.375,7.625
1910,11.9,9.52,9.52,2.38,11.9,2.38,12.28,8.77,8.77,1.75,10.53,7.02,17.02,12.77,4.26,10.64,6.38,10.64
1915,6.905,8.22,9.535,5.56,5.485,2.78,10.58,4.075,8.31,2.115,NA,4.075,11.425,9.125,4.6,9.205,4.68,11.59
1920,7.115,11.285,14.11,4.29,4.29,4.175,6.925,6.87,12.635,8.06,3.46,3.44,9.41,10.575,2.38,10.6,3.545,7.06
1925,14.155,10.005,10.005,12.84,3.03,NA,4.55,5.68,5.68,4.55,2.27,2.27,5.065,7.505,NA,6.35,11.415,12.2
1930,12.35,4.94,9.85,2.5,NA,4.94,6.175,6.085,3.085,6.26,NA,2.17,13.105,3.365,5.45,7.9,12.305,6.25
1935,12.635,3.46,8.035,10.385,3.46,5.765,8.845,13.145,3.45,12.235,NA,NA,13.88,9.865,13.845,3.94,1.98,6.94
1940,8,7.825,8.89,8.72,1.79,2.13,7.01,5.735,5.54,7.205,3.04,1.47,4.515,9.17,6.405,7.285,7.285,4.515
1945,6.45,6.45,6.45,3.23,1.61,6.45,4.82,2.41,3.61,4.82,3.61,1.2,6.15,6.15,3.08,4.62,4.62,3.08
1950,5.325,5.825,4.42,5.825,3.215,5.93,5.18,4.23,2.78,5.62,0.945,2.715,4.685,4.685,5.295,3.26,3.365,4.075
1955,2.495,5.095,6.525,2.545,1.06,1.54,3.705,4.015,4.49,7.445,2.6,6.77,2.93,4.885,3.95,3.95,2.42,1.02
1960,4.71,3.15,5.76,2.1,2.005,4.295,4.17,4.06,4.98,6.17,4.17,4.415,6.105,1.92,2.1,4.97,3.84,3.055
1965,3.25,4.335,5.05,3.845,3,3.525,4.01,1.925,3.25,5.42,3.395,3,4.92,2.68,2.86,3.115,3.32,2.935
1970,2.875,2.58,4.265,3.91,3.305,3.97,3.195,2.055,3.255,5.31,4.495,3.515,3.44,1.75,0.76,2.095,3.5,2.165
1975,2.86,2.37,4.05,3.675,3.07,3.85,3.045,2.42,2.86,5.775,4.595,3.26,2.96,1.78,1.025,2.36,3.01,2.12
1980,2.64,2.525,4.2,3.73,3.02,4.005,3.17,2.275,2.93,5.735,4.735,3.435,3.155,1.83,0.755,1.995,3.055,2.085
1985,2.77,2.615,4.13,3.875,3.145,4.205,3.265,2.165,2.965,5.745,4.77,3.66,3.13,1.815,0.985,1.715,3.235,1.975
1990,2.96,2.68,4.21,4.16,3.1,4.44,3.14,2.34,3.03,5.7,4.9,3.87,3.23,2.17,1.06,2.08,3.32,1.85
1995,3.115,2.765,4.475,3.965,3.255,4.475,3.265,2.375,3.155,5.84,5.105,3.99,3.28,2.225,1.1,2.27,3.395,1.97
2000,3.38,3.185,4.705,4.295,3.57,4.42,3.615,2.545,3.44,6.08,5.225,3.99,3.765,2.75,1.125,2.135,3.705,2.405
2005,3.55,3.35,4.85,4.605,3.76,4.615,3.74,2.52,3.535,5.84,5.25,4.27,4.475,2.895,1.31,2.76,4.375,2.75
2010,3.72,3.325,5.53,4.595,3.77,4.845,3.88,2.545,3.575,6.35,5.625,4.26,5.06,3.275,1.29,2.925,4.315,2.675
2015,3.865,3.525,5.63,4.895,4.21,4.94,3.725,2.695,3.69,6.69,5.365,4.64,4.97,3.13,1.245,2.735,4.62,3.03
2020,3.69,3.2,5.465,4.76,4.265,5.305,3.75,2.6,3.775,6.495,5.58,4.435,4.455,3.025,1.485,2.675,4.5,2.69
2025,3.39,3.155,5.145,4.66,4.115,4.93,3.7,2.565,3.625,6.465,5.765,4.575,4.2,2.64,1.48,2.35,4.2,2.535
2030,3.265,3.42,5.275,4.55,4.295,5.055,3.675,2.615,3.605,6.525,5.78,4.65,4.04,2.655,1.29,2.34,3.955,2.35
2035,3.435,3.425,5.385,4.62,4.275,4.95,3.675,2.71,3.605,6.555,5.815,4.655,4.065,2.635,1.19,2.22,4.08,2.32
2040,3.495,3.48,5.42,4.74,4.26,5.04,3.72,2.715,3.65,6.595,5.84,4.645,4.18,2.785,1.225,2.27,4.005,2.35
2045,3.615,3.54,5.62,4.9,4.29,5.075,3.8,2.84,3.725,6.57,5.85,4.8,4.375,2.805,1.35,2.355,4.035,2.44
2050,3.51,3.595,5.78,4.88,4.375,5.05,3.74,2.98,3.79,6.555,5.925,4.84,4.49,2.93,1.39,2.38,4.115,2.475
2055,3.69,3.69,5.755,4.92,4.395,5.17,3.77,2.885,3.755,6.54,5.845,4.875,4.555,3.06,1.405,2.395,4.205,2.48
2060,3.8,3.69,5.84,5,4.49,5.18,3.75,2.69,3.78,6.59,5.83,4.74,4.66,3.02,1.44,2.38,4.21,2.59
2065,3.75,3.695,5.855,4.895,4.51,4.97,3.795,2.845,3.75,6.61,6,4.715,4.605,2.94,1.505,2.395,4.055,2.605
2070,3.7,3.645,5.965,5.19,4.545,4.865,3.805,2.83,3.775,6.59,5.925,4.9,4.53,2.92,1.495,2.355,4.325,2.61
2075,3.645,3.61,5.935,5.065,4.63,5.16,3.755,2.83,3.78,6.675,5.855,4.825,4.61,2.97,1.475,2.315,4.34,2.515
2080,3.78,3.725,5.945,5.065,4.705,5.165,3.79,2.89,3.73,6.655,5.885,4.945,4.73,2.985,1.36,2.29,4.28,2.49
2085,3.86,3.865,6.1,5.14,4.73,5.165,3.795,2.96,3.815,6.665,5.975,4.96,4.86,3.06,1.46,2.34,4.325,2.61
2090,3.75,3.9,6.125,5.265,4.795,5.255,3.825,2.935,3.855,6.735,5.97,5.02,4.9,3.1,1.53,2.365,4.525,2.565
2095,3.97,3.905,6.295,5.29,5.01,5.305,3.83,3.025,3.97,6.78,5.995,5.02,5.04,3.265,1.485,2.335,4.525,2.7
2100,3.985,4.025,6.345,5.41,4.965,5.265,3.905,3.06,3.96,6.845,6.02,4.995,5.125,3.29,1.585,2.42,4.595,2.715
2105,4.13,4.105,6.52,5.5,5.17,5.43,3.935,3.16,3.95,6.805,6.18,5.14,5.4,3.37,1.605,2.59,4.735,2.845
2110,4.265,4.15,6.695,5.54,5.265,5.395,3.935,3.16,4.05,6.955,6.255,5.365,5.63,3.41,1.675,2.645,4.85,3.015
2115,4.355,4.37,6.87,5.7,5.535,5.575,3.99,3.215,4.095,7.03,6.285,5.445,5.885,3.64,1.735,2.745,5.005,3.14
2120,4.52,4.43,7.075,5.945,5.63,5.67,4.09,3.285,4.205,7.085,6.325,5.425,6.055,3.675,1.74,2.875,5.215,3.23
2125,4.56,4.55,7.18,6.02,5.7,5.645,4.145,3.275,4.325,7.14,6.41,5.54,6.26,3.75,1.855,2.9,5.375,3.28
2130,4.555,4.64,7.235,6.075,5.795,5.745,4.15,3.29,4.405,7.15,6.545,5.605,6.295,3.83,1.85,2.825,5.4,3.32
2135,4.645,4.685,7.28,6.055,5.765,5.825,4.11,3.355,4.375,7.31,6.45,5.705,6.34,3.9,1.845,2.865,5.385,3.265
2140,4.66,4.745,7.41,6.085,5.87,5.83,4.155,3.375,4.48,7.275,6.525,5.685,6.47,3.985,1.925,2.85,5.5,3.305
2145,4.655,4.815,7.395,6.205,5.955,5.85,4.255,3.42,4.445,7.355,6.465,5.78,6.46,3.95,1.965,2.92,5.595,3.43
2150,4.79,4.835,7.39,6.43,6.05,6.005,4.295,3.53,4.595,7.38,6.555,5.85,6.83,4.035,2.02,2.95,5.67,3.58
2155,4.88,4.92,7.57,6.435,6.1,6.06,4.24,3.515,4.665,7.43,6.72,5.87,7,4.115,1.965,3.08,5.87,3.535
2160,4.895,5.035,7.685,6.31,6.155,6.05,4.315,3.575,4.675,7.51,6.78,5.895,7.025,4.235,2.1,3.165,5.9,3.66
2165,4.995,5,7.85,6.555,6.265,6.015,4.365,3.6,4.74,7.505,6.86,5.995,7.185,4.38,2.12,3.28,6.01,3.715
2170,5.025,5.085,7.77,6.54,6.43,6.025,4.345,3.585,4.71,7.52,6.865,6.03,7.195,4.445,2.17,3.19,6.115,3.715
2175,5.03,5.095,7.695,6.51,6.345,5.955,4.48,3.635,4.705,7.545,6.86,6.065,7.175,4.295,2.165,3.205,6.07,3.815
2180,5.04,5.23,7.77,6.535,6.24,6.11,4.4,3.605,4.82,7.595,6.84,6.06,7.235,4.25,2.17,3.175,6.04,3.805
2185,4.97,5.16,7.76,6.485,6.23,6.165,4.375,3.57,4.69,7.61,6.835,6.045,7.16,4.235,2.025,3.175,6.145,3.73
2190,4.895,5.15,7.735,6.4,6.16,6.16,4.345,3.485,4.635,7.44,6.74,5.89,7.015,4.31,2.03,3.14,5.995,3.545
2195,4.845,5.145,7.715,6.395,6.145,5.87,4.27,3.48,4.615,7.515,6.735,6.05,7.05,4.315,2.16,3.075,5.86,3.63
2200,4.96,5.15,7.675,6.325,6.15,5.93,4.22,3.455,4.73,7.52,6.84,6,7.01,4.265,2.11,3.065,5.84,3.455
2205,4.88,5.14,7.72,6.315,6.385,6.02,4.43,3.435,4.68,7.47,6.77,5.945,7.085,4.195,2.14,3.115,5.84,3.615
2210,4.87,5.06,7.56666666666667,6.31,6.23,6.10666666666667,4.41,3.48,4.62666666666667,7.45333333333333,6.84,5.93333333333333,7.03666666666667,4.16,2.17,3.01333333333333,5.88,3.64666666666667
2215,4.945,5.13,7.755,6.375,6.31,5.925,4.37,3.63,4.68,7.6,6.9,6.16,7.095,4.28,2.205,3.01,6.055,3.52
2220,4.845,5.08,7.75,6.43,6.25,5.915,4.46,3.535,4.66,7.47,6.88,5.995,7.11,4.255,2.065,3,6.11,3.61
2225,4.99,5.125,7.825,6.385,6.32,5.93,4.29,3.51,4.675,7.44,6.83,6.015,7.04,4.18,2.09,3.095,5.855,3.645
2230,4.96,5.11,7.635,6.37,6.275,5.92,4.23,3.495,4.58,7.425,6.695,5.91,6.97,4.125,2.045,2.93,5.81,3.45
2235,4.82,4.925,7.555,6.235,6.22,5.855,4.195,3.405,4.525,7.18,6.615,5.815,6.875,3.965,1.97,2.89,5.825,3.42
2240,4.785,4.92,7.465,6.245,6.05,5.925,4.115,3.43,4.575,7.225,6.595,5.71,6.605,3.935,1.92,3.03,5.72,3.36
2245,4.72,4.83,7.39,6.23,5.995,5.92,4.13,3.39,4.36,7.2,6.505,5.67,6.56,3.885,1.935,2.95,5.645,3.265
2250,4.63,4.76,7.445,6.05,5.84,5.69,3.955,3.255,4.285,6.96,6.33,5.465,6.605,3.69,1.895,2.825,5.43,3.3
2255,4.565,4.605,7.28,5.855,5.695,5.505,4.03,3.23,4.165,6.765,6.12,5.355,6.425,3.5,1.835,2.815,5.285,3.18
2260,4.495,4.535,7.14,5.885,5.53,5.53,3.97,3.22,4.05,6.78,6.145,5.195,6.27,3.445,1.78,2.9,5.185,3.11
2265,4.405,4.425,7,5.71,5.45,5.325,3.9,3.145,4.06,6.67,5.955,5.04,6.08,3.215,1.79,2.62,5.085,3
2270,4.12333333333333,4.23333333333333,6.77333333333333,5.60666666666667,5.36,5.39,3.75333333333333,3.02,4.00666666666667,6.59333333333333,5.79333333333333,5.08333333333333,5.79666666666667,3.14,1.70333333333333,2.56333333333333,5.06333333333333,2.76
2275,4.125,4.105,6.675,5.4,5.225,5.355,3.825,2.925,4.115,6.47,5.775,5.015,5.71,3.015,1.715,2.65,4.91,2.695
2280,4.22,4.09,6.535,5.45,5.17,5.255,3.78,3.03,3.915,6.535,5.755,5.025,5.52,2.965,1.57,2.515,4.99,2.615
2285,4.02,3.93,6.56,5.325,5.075,5.26,3.645,2.98,3.785,6.575,5.765,4.905,5.485,3,1.51,2.49,4.8,2.68
2290,3.945,4.04,6.485,5.18,5.01,5.35,3.63,2.935,3.69,6.41,5.715,4.79,5.42,2.87,1.61,2.53,4.505,2.665
2295,3.885,3.81,6.415,5.28,5.035,5.21,3.665,2.925,3.625,6.39,5.645,4.65,5.24,2.9,1.375,2.27,4.535,2.455
2300,3.96,3.84,6.24,5.25,4.785,5.075,3.58,2.825,3.66,6.18,5.465,4.61,5.27,2.685,1.505,2.43,4.345,2.545
2305,3.815,3.715,6.16,5.055,4.745,4.79,3.475,2.905,3.42,6.19,5.465,4.645,5.265,2.53,1.485,2.305,4.195,2.535
2310,3.84,3.87333333333333,6.14666666666667,5.10333333333333,4.91666666666667,4.91666666666667,3.59666666666667,2.72666666666667,3.59666666666667,6.22333333333333,5.56333333333333,4.57333333333333,5.14666666666667,2.66666666666667,1.52333333333333,2.29333333333333,4.25333333333333,2.35666666666667
2315,3.73,3.73,6.245,4.89,4.715,5.005,3.44,2.775,3.62,6.17,5.34,4.565,4.925,2.545,1.41,2.35,4.235,2.465
2320,3.955,3.685,6.265,5.09,4.685,5.005,3.34,2.9,3.715,6.25,5.16,4.435,4.85,2.47,1.57,2.245,4.29,2.495
2325,3.62,3.645,6,4.94,4.565,4.595,3.505,2.735,3.53,6.08,5.19,4.37,5.175,2.56,1.57,2.285,4.24,2.535
2330,3.6,3.545,5.96,5.02,4.485,4.81,3.39,2.715,3.39,5.96,5.28,4.23,4.74,2.63,1.435,2.4,4.12,2.625
2335,3.73,4.025,6.13,4.735,4.35,4.9,3.575,2.825,3.415,5.985,5.34,4.01,4.68,2.715,1.41,2.115,4.085,2.68
2340,3.69,3.37333333333333,5.73,4.95333333333333,4.54333333333333,4.73,3.51666666666667,2.83333333333333,3.37,5.97333333333333,5.16666666666667,4.13333333333333,4.94666666666667,2.73,1.57,2.36,4.21333333333333,2.41666666666667
2345,3.28,3.665,5.765,4.71,4.54,4.63,3.245,2.915,3.27,5.825,5.03,4.2,4.835,2.5,1.355,2.33,4.1,2.38
2350,3.535,3.625,5.665,4.77,4.305,4.555,3.435,2.86,3.435,5.685,5.285,4.205,5.07,2.72,1.3,1.965,4.235,2.555
2355,3.695,3.22,5.605,4.89,4.29,4.53,3.65,2.825,3.335,5.85,5.09,4.12,4.9,2.8,1.67,2.215,4.045,2.565
2360,3.49,3.535,5.745,4.885,4.47,4.64,3.455,2.65,3.555,5.91,4.975,4.265,4.755,2.715,1.56,2.235,4.235,2.875
2365,3.81,4.04,6.085,4.875,4.64,4.69,3.575,2.81,3.54,5.72,4.845,4.225,5.205,3.05,1.92,2.415,4.47,2.915
2370,4.05333333333333,3.91,6.35,5.23666666666667,4.71666666666667,5.02333333333333,3.47333333333333,2.93333333333333,3.88333333333333,5.94666666666667,5.32,4.48,5.93,3.36666666666667,1.91666666666667,2.88,4.94,3.19
2375,4.13,4.25,6.365,5.715,4.83,5.25,3.535,3.27,4.045,6.165,4.97,4.79,6.515,3.635,1.645,2.93,5.34,3.335
2380,4.23,4.29,6.04,5.77,5.035,5.17,3.66,3.19,3.975,5.905,5.49,4.7,7.055,4.035,1.815,3.36,5.58,3.025
2385,4.025,3.885,6.035,5.485,4.72,5,4.045,3.185,3.51,5.985,5.02,4.1,6.115,3.405,2.085,2.78,5.56,2.645
2390,3.735,3.94,5.47,4.535,5.205,5.07,3.46,2.27,3.305,5.785,4.695,3.925,5.41,3.41,2.14,2.54,4.945,2.805
2395,3.42666666666667,3.51666666666667,5.29333333333333,4.89666666666667,3.78,4.44666666666667,3.27,2.46666666666667,3.3,5.17666666666667,5.07333333333333,3.79,4.98666666666667,2.96333333333333,1.92666666666667,2.69333333333333,4.62666666666667,2.42333333333333
2400,3.215,3.15,5.34,4.265,3.3,3.97,3.195,2.73,2.965,5.815,4.29,3.535,4.98,2.345,2.05,2.645,4.22,2.41
2405,3.085,3.715,5.245,3.975,3.615,4.73,3.005,2.585,3.375,5.52,4.705,3.58,4.97,3.21,1.185,2.395,3.855,2.575
2410,3.35,3.68,5.37,4.26,3.395,4.235,2.85,2.84,3.76,5.06,4.98,3.495,5.975,2.36,1.935,3.505,4.42,3.055
2415,2.86666666666667,4.07333333333333,5.82,5.82666666666667,5.82666666666667,3.32,3.57,2.73666666666667,2.94,5.33,4.41,3.79333333333333,4.56666666666667,2.66666666666667,2.37,3.82,4.94666666666667,2.66
2420,3.435,2.86,4.555,5.015,3.46,4.385,3.13,2.55,2.755,5.22,4.13,3.58,5.77,3.52,1.005,3.405,4.665,3.655
2425,3.995,2.05,4.5,4.305,2.77,4.51,2.67,2.83,2.51,4.715,4.005,3.38,5.03,2.515,0.835,2.515,3.355,1.68
2430,3.485,2.64,5.565,3.165,3.4,4.7,2.945,2.19,3.11,5.13,4.28,3.36,5.57,2.765,2.345,2.78,3.225,3.13
2435,3.66,3.57666666666667,6.01666666666667,4.8,3.17,4.63333333333333,3.81333333333333,2.87,2.93666666666667,5.56,4.5,3.24666666666667,5.61333333333333,2.76333333333333,1.76,3.09666666666667,3.94,3.68666666666667
2440,3.53,4.145,5.085,3.775,4.7,4.96,2.99,2.4,2.94,5,4.295,3.015,5.385,3.08,1.61,3.755,4.04,1.995
2445,4.495,4.325,4.495,4.285,3.455,3.825,3.385,3.97,3.99,4.87,4.68,2.855,8.005,4.22,2.85,4.005,5.065,2.515
2450,5.225,3.48,5.97,3.73,3.485,4.48,3.665,3.285,3.08,3.85,5.21,2.89,7.29,5.73,2.605,3.91,4.69,1.56
2455,3.51666666666667,2.90666666666667,5.81333333333333,4.58,3.76,2.77333333333333,2.52666666666667,1.80666666666667,2.90333333333333,4.19333333333333,4.08666666666667,1.76333333333333,6.33,1.95,1.83,1.69,4.93666666666667,2.85
2460,2.835,2.85,4.865,5.455,3.195,3.57,2.725,2.45,2.565,4.605,3.885,2.44,6.51,3.545,1.97,1.97,4.525,2.365
2465,4.475,3.26,5.5,4.735,2.38,2.785,2.905,3.295,2.365,3.95,3.635,2.905,8.53,4.385,1.88,2.825,5.42,2.59
2470,3.53,4.26333333333333,4.69666666666667,3.46333333333333,3.36666666666667,3.86666666666667,4.07333333333333,3.72666666666667,3.96666666666667,4.37333333333333,3.26333333333333,2.35666666666667,8.59,4.27333333333333,5.54333333333333,3.57666666666667,6.16666666666667,3.82666666666667
2475,3.82,3.82,6.13,5.28,3.715,6.635,5.9,4.855,3.72,3.02,2.975,2.23,5.235,2.83,7.555,3.315,8.985,6.585
2480,8.935,5.37,3.625,5.87,4.12,3.56,7.29,5.285,3.35,4.315,3.35,4.39,10.675,7.95,4.445,3.915,11.335,4.445
2485,4.17,3.77,4.25333333333333,3.31666666666667,1.74,3.87,6.00333333333333,6.09333333333333,6.36,3.325,1.22,2.18,10.38,9.98666666666667,4.63666666666667,7.72333333333333,11.9666666666667,4.82333333333333
2490,7.225,6.285,8.1,4.51,1.805,3.64,5.795,14.975,5.08,6.64,4.155,1.69,14.99,6.535,3.755,13.995,10.27,NA
2495,11.92,6.465,4.575,NA,7.34,5.505,5.585,7.205,6.4,6.39,1.6,1.59,11.74,9.9,6.315,5.42,13.49,6.285
2500,4.42666666666667,8.88,6.92666666666667,9.47,3.18333333333333,1.89,9.33,5.71666666666667,5.18666666666667,8.3,4.13,3.13,13.6133333333333,8.1,10.5266666666667,9.29,11.1666666666667,6.27
2505,9.81,3.885,4.96,3.885,3.885,5.925,7.685,4.265,4.265,7.7,1.72,3.42,16.185,12.08,8,7.06,8.06,11.1
2510,6.04,9.1,11.1,2.02,NA,8.08,4.225,11.87,2.56,7.585,1.67,3.42,20.205,10.08,8.06,6.04,6.06,6.08
2515,7.14333333333333,10.4133333333333,6.31666666666667,5.585,7.24333333333333,8.33333333333333,7.02666666666667,8.25666666666667,5.125,4.04666666666667,4.11,4.85666666666667,17.1466666666667,8.72,6.755,9.59333333333333,10.25,2.735
